Serial No.,Name,Email Id,Contact no.,Location,Gender,Highest Qualification,Domain 1,Exp,Top % clients,Domain 2,Exp,Top % clients,Domain 3,Exp,Top % clients,Function /Department,Skill,Experience in Recruitment,Total Experience,Domains they want to work on,How many positions do you close in a month?,Level of Requirement you work on,"Do you have any website access? If yes, specify.",Sources of Client generation,How many hours can you dedicate per week?,CTC Range
,,,,,,,,,AAPC India Hotel Management,,,AAPC India Hotel Management,,,AAPC India Hotel Management,Bank,Automotive,,,,,Fresher,Naukri,Vendor,,
,,,,,,,Accounting,,24/7 Customer,Accounting,,24/7 Customer,Accounting,,24/7 Customer,Accounting,Auditing,,,Accounting,,Jr Level,Lindkedin,Friends,,
,,,,,,,Advertising,,3D PLM Software,Advertising,,3D PLM Software,Advertising,,3D PLM Software,Interior Design,AutoCAD,,,Advertising,,Mid Level,IIMjobs,Direct Calling,,
,,,,,,,Agriculture,,3i Infotech,Agriculture,,3i Infotech,Agriculture,,3i Infotech,Bank,Automotive,,,Agriculture,,Sr Level,Indeed,Old Clients ,,
,,,,,,,Animation,,AAPC India Hotel Management,Animation,,AAPC India Hotel Management,Animation,,AAPC India Hotel Management,Content Writing,Art,,,Animation,,Leadership,Angel list,others,,
,,,,,,,Architecture,,ACC,Architecture,,ACC,Architecture,,ACC,Consultant,Analytical Skills,,,Architecture,,,Others,,,
,,,,,,,Automobile,,ACT Television,Automobile,,ACT Television,Automobile,,ACT Television,Engineering,Adobe Photoshop,,,Automobile,,,,,,
,,,,,,,Aviation,,ADP,Aviation,,ADP,Aviation,,ADP,Export Import,Art Direction,,,Aviation,,,,,,
,,,,,,,BPO,,AIG Analytics & Services,BPO,,AIG Analytics & Services,BPO,,AIG Analytics & Services,Merchandiser,Automation,,,BPO,,,,,,
,,,,,,,Bank,,ANG INDUSTRIES,Bank,,ANG INDUSTRIES,Bank,,ANG INDUSTRIES,Security,Adobe Illustrator,,,Bank,,,,,,
,,,,,,,Brewery,,ANI Technologies,Brewery,,ANI Technologies,Brewery,,ANI Technologies,HR,Agile Methodologies,,,Brewery,,,,,,
,,,,,,,Sanitary,,ANZ Support Services,Sanitary,,ANZ Support Services,Sanitary,,ANZ Support Services,Hotel,Business Analysis,,,Sanitary,,,,,,
,,,,,,,Chemical,,ASAP Info Systems,Chemical,,ASAP Info Systems,Chemical,,ASAP Info Systems,Application Programming,Budgeting,,,Chemical,,,,,,
,,,,,,,Engineering,,ASM Technologies,Engineering,,ASM Technologies,Engineering,,ASM Technologies,Client Server,Business Strategy,,,Engineering,,,,,,
,,,,,,,Consumer Durables,,AT&T,Consumer Durables,,AT&T,Consumer Durables,,AT&T,DBA,Business Process Improvement,,,Consumer Durables,,,,,,
,,,,,,,Courier,,AVEVA Software,Courier,,AVEVA Software,Courier,,AVEVA Software,Ecommerce,Business Services,,,Courier,,,,,,
,,,,,,,Defence,,AXA Technology Services,Defence,,AXA Technology Services,Defence,,AXA Technology Services,ERP,Business Planning,,,Defence,,,,,,
,,,,,,,Teacher,,AXIS IT & T,Teacher,,AXIS IT & T,Teacher,,AXIS IT & T,VLSI,Branding,,,Teacher,,,,,,
,,,,,,,Electrical,,Abbott Healthcare,Electrical,,Abbott Healthcare,Electrical,,Abbott Healthcare,Mainframe,Business Intelligence,,,Electrical,,,,,,
,,,,,,,Export Import,,Accel Frontline,Export Import,,Accel Frontline,Export Import,,Accel Frontline,Middleware,Business Process,,,Export Import,,,,,,
,,,,,,,FMCG,,Accenture,FMCG,,Accenture,FMCG,,Accenture,Mobile,Customer Service,,,FMCG,,,,,,
,,,,,,,Facility Management,,Adani Enterprises,Facility Management,,Adani Enterprises,Facility Management,,Adani Enterprises,Network administrator,Communication,,,Facility Management,,,,,,
,,,,,,,Fertilizers,,Aditi Technologies,Fertilizers,,Aditi Technologies,Fertilizers,,Aditi Technologies,IT,Company Research,,,Fertilizers,,,,,,
,,,,,,,Food Processing,,Aditya Birla Group,Food Processing,,Aditya Birla Group,Food Processing,,Aditya Birla Group,Testing,Change Management,,,Food Processing,,,,,,
,,,,,,,Fresher,,Aditya Birla Retail,Fresher,,Aditya Birla Retail,Fresher,,Aditya Birla Retail,System Programming,Coaching,,,Fresher,,,,,,
,,,,,,,Gems Jewellery,,Adlabs Entertainment,Gems Jewellery,,Adlabs Entertainment,Gems Jewellery,,Adlabs Entertainment,EDP,Construction,,,Gems Jewellery,,,,,,
,,,,,,,Glass,,Adobe Systems,Glass,,Adobe Systems,Glass,,Adobe Systems,Telecom Software,Customer Relationship Management,,,Glass,,,,,,
,,,,,,,Air Conditioning,,Aegis,Air Conditioning,,Aegis,Air Conditioning,,Aegis,Telecom,Contractual Agreements,,,Air Conditioning,,,,,,
,,,,,,,Airline,,Aegon Religare,Airline,,Aegon Religare,Airline,,Aegon Religare,BPO,Customer Satisfaction,,,Airline,,,,,,
,,,,,,,Networking,,African Commodities DMCC,Networking,,African Commodities DMCC,Networking,,African Commodities DMCC,Legal,Contract Negotiation,,,Networking,,,,,,
,,,,,,,IT,,Agilis International,IT,,Agilis International,IT,,Agilis International,Marketing,Design,,,IT,,,,,,
,,,,,,,Industrial,,Agility,Industrial,,Agility,Industrial,,Agility,Packaging,Databases,,,Industrial,,,,,,
,,,,,,,Insurance,,AgreeYa Mobility,Insurance,,AgreeYa Mobility,Insurance,,AgreeYa Mobility,Pharma,Data Analysis,,,Insurance,,,,,,
,,,,,,,KPO,,Agreeya Solutions,KPO,,Agreeya Solutions,KPO,,Agreeya Solutions,Maintenance,Digital Marketing,,,KPO,,,,,,
,,,,,,,Legal,,AirWatch Technologies,Legal,,AirWatch Technologies,Legal,,AirWatch Technologies,Logistics,Decision Making,,,Legal,,,,,,
,,,,,,,Media,,Aircel,Media,,Aircel,Media,,Aircel,Sales,Digital Media,,,Media,,,,,,
,,,,,,,Dotcom,,Ajax Fiori,Dotcom,,Ajax Fiori,Dotcom,,Ajax Fiori,Secretary,Drawing,,,Dotcom,,,,,,
,,,,,,,Entertainment,,Akamai,Entertainment,,Akamai,Entertainment,,Akamai,Corporate Planning,Development Tools,,,Entertainment,,,,,,
,,,,,,,Medical,,Akamai Technologies,Medical,,Akamai Technologies,Medical,,Akamai Technologies,Site Engineering,Event Planning,,,Medical,,,,,,
,,,,,,,Mining,,Alcatel-Lucent,Mining,,Alcatel-Lucent,Mining,,Alcatel-Lucent,Film,Editing,,,Mining,,,,,,
,,,,,,,NGO,,Alembic Pharma,NGO,,Alembic Pharma,NGO,,Alembic Pharma,Teacher,Entrepreneurship,,,NGO,,,,,,
,,,,,,,Automation,,Alere Medical,Automation,,Alere Medical,Automation,,Alere Medical,Airline,Email,,,Automation,,,,,,
,,,,,,,Oil and Gas,,Alert Enterprise,Oil and Gas,,Alert Enterprise,Oil and Gas,,Alert Enterprise,Graphic Designer,Employee Benefits Design,,,Oil and Gas,,,,,,
,,,,,,,Paper,,All Services Global,Paper,,All Services Global,Paper,,All Services Global,Shipping,Energy,,,Paper,,,,,,
,,,,,,,Pharma,,Alliance Global Services,Pharma,,Alliance Global Services,Pharma,,Alliance Global Services,Analytics,Electronics,,,Pharma,,,,,,
,,,,,,,Printing,,Allianz - AMOS,Printing,,Allianz - AMOS,Printing,,Allianz - AMOS,Business Intelligence,Enterprise Software,,,Printing,,,,,,
,,,,,,,Publishing,,Allianz Cornhill,Publishing,,Allianz Cornhill,Publishing,,Allianz Cornhill,,Ecommerce,,,Publishing,,,,,,
,,,,,,,Real Estate,,Allied Digital Services,Real Estate,,Allied Digital Services,Real Estate,,Allied Digital Services,,Finance,,,Real Estate,,,,,,
,,,,,,,Recruitment,,Allscripts,Recruitment,,Allscripts,Recruitment,,Allscripts,,Financial Analysis,,,Recruitment,,,,,,
,,,,,,,Retail,,Allstate Solutions,Retail,,Allstate Solutions,Retail,,Allstate Solutions,,Fundraising,,,Retail,,,,,,
,,,,,,,Security,,Alstom Transport,Security,,Alstom Transport,Security,,Alstom Transport,,Facility Management,,,Security,,,,,,
,,,,,,,Electronics,,Altair Engineering,Electronics,,Altair Engineering,Electronics,,Altair Engineering,,Food and Beverage,,,Electronics,,,,,,
,,,,,,,Shipping,,Altimetrik,Shipping,,Altimetrik,Shipping,,Altimetrik,,Forecasting,,,Shipping,,,,,,
,,,,,,,Steel,,Altisource Business Solutions,Steel,,Altisource Business Solutions,Steel,,Altisource Business Solutions,,Facilitation,,,Steel,,,,,,
,,,,,,,Consultant,,Amadeus,Consultant,,Amadeus,Consultant,,Amadeus,,Financial Risk,,,Consultant,,,,,,
,,,,,,,Telecom,,Amadeus Software Labs,Telecom,,Amadeus Software Labs,Telecom,,Amadeus Software Labs,,Financial Reporting,,,Telecom,,,,,,
,,,,,,,Textiles,,Amar Ujala,Textiles,,Amar Ujala,Textiles,,Amar Ujala,,Government Agencies,,,Textiles,,,,,,
,,,,,,,Tyres,,Amarprakash Developers,Tyres,,Amarprakash Developers,Tyres,,Amarprakash Developers,,Grocery,,,Tyres,,,,,,
,,,,,,,Water Treatment,,Amazon Development Centre,Water Treatment,,Amazon Development Centre,Water Treatment,,Amazon Development Centre,,Graphic Design,,,Water Treatment,,,,,,
,,,,,,,Fitness Trainer,,Ambuja Cements,Fitness Trainer,,Ambuja Cements,Fitness Trainer,,Ambuja Cements,,Gas,,,Fitness Trainer,,,,,,
,,,,,,,Ecommerce,,Amdocs,Ecommerce,,Amdocs,Ecommerce,,Amdocs,,Graphics,,,Ecommerce,,,,,,
,,,,,,,Internet,,American Express,Internet,,American Express,Internet,,American Express,,Grant Writing,,,Internet,,,,,,
,,,,,,,,,Ameriprise,,,Ameriprise,,,Ameriprise,,General Ledger,,,,,,,,,
,,,,,,,,,Amicorp Group,,,Amicorp Group,,,Amicorp Group,,HTML,,,,,,,,,
,,,,,,,,,Amity University,,,Amity University,,,Amity University,,Heavy Equipment,,,,,,,,,
,,,,,,,,,Ample Technologies,,,Ample Technologies,,,Ample Technologies,,Hospitals,,,,,,,,,
,,,,,,,,,Anand Automotive,,,Anand Automotive,,,Anand Automotive,,Higher Education,,,,,,,,,
,,,,,,,,,AnandRathi,,,AnandRathi,,,AnandRathi,,History,,,,,,,,,
,,,,,,,,,Anchor Electricals,,,Anchor Electricals,,,Anchor Electricals,,Healthcare,,,,,,,,,
,,,,,,,,,Andhra Pradesh Paper Mills,,,Andhra Pradesh Paper Mills,,,Andhra Pradesh Paper Mills,,Hospitality Industry,,,,,,,,,
,,,,,,,,,Angel Broking,,,Angel Broking,,,Angel Broking,,Helping Clients Succeed,,,,,,,,,
,,,,,,,,,Angelique Intl.,,,Angelique Intl.,,,Angelique Intl.,,Healthcare Management,,,,,,,,,
,,,,,,,,,Ansal Housing,,,Ansal Housing,,,Ansal Housing,,HTML5,,,,,,,,,
,,,,,,,,,Ansal Properties,,,Ansal Properties,,,Ansal Properties,,Information Technology,,,,,,,,,
,,,,,,,,,Ansys India,,,Ansys India,,,Ansys India,,Interpersonal Skills,,,,,,,,,
,,,,,,,,,Aon Hewitt,,,Aon Hewitt,,,Aon Hewitt,,Information Systems,,,,,,,,,
,,,,,,,,,Aparna Constructions,,,Aparna Constructions,,,Aparna Constructions,,Internal Audit,,,,,,,,,
,,,,,,,,,Apeejay Stya Group,,,Apeejay Stya Group,,,Apeejay Stya Group,,Integration,,,,,,,,,
,,,,,,,,,Apex,,,Apex,,,Apex,,Insurance,,,,,,,,,
,,,,,,,,,Apollo Munich,,,Apollo Munich,,,Apollo Munich,,Investments,,,,,,,,,
,,,,,,,,,Apotex Research,,,Apotex Research,,,Apotex Research,,Interviewing,,,,,,,,,
,,,,,,,,,Applied Materials,,,Applied Materials,,,Applied Materials,,Invoicing,,,,,,,,,
,,,,,,,,,Appster pty,,,Appster pty,,,Appster pty,,Integrated Marketing,,,,,,,,,
,,,,,,,,,Aptech,,,Aptech,,,Aptech,,Java,,,,,,,,,
,,,,,,,,,Aricent Technologies,,,Aricent Technologies,,,Aricent Technologies,,Javascript,,,,,,,,,
,,,,,,,,,Aristocrat Technologies,,,Aristocrat Technologies,,,Aristocrat Technologies,,JQuery,,,,,,,,,
,,,,,,,,,Arris India,,,Arris India,,,Arris India,,Journalism,,,,,,,,,
,,,,,,,,,Arrow Electronics,,,Arrow Electronics,,,Arrow Electronics,,Job Scanning,,,,,,,,,
,,,,,,,,,Arvind,,,Arvind,,,Arvind,,Job Description Development,,,,,,,,,
,,,,,,,,,Ascent,,,Ascent,,,Ascent,,Journals,,,,,,,,,
,,,,,,,,,Ascent Infotech,,,Ascent Infotech,,,Ascent Infotech,,Joint Ventures,,,,,,,,,
,,,,,,,,,Asian Paints,,,Asian Paints,,,Asian Paints,,Key Performance Indicators,,,,,,,,,
,,,,,,,,,Atkins Global,,,Atkins Global,,,Atkins Global,,K12 Education,,,,,,,,,
,,,,,,,,,Atlas Copco,,,Atlas Copco,,,Atlas Copco,,Knowledge Management,,,,,,,,,
,,,,,,,,,Atlas Jewellery,,,Atlas Jewellery,,,Atlas Jewellery,,Kanban,,,,,,,,,
,,,,,,,,,Atos,,,Atos,,,Atos,,Key Account Development,,,,,,,,,
,,,,,,,,,Atrenta India,,,Atrenta India,,,Atrenta India,,Knowledge Sharing,,,,,,,,,
,,,,,,,,,Aurobindo Pharma,,,Aurobindo Pharma,,,Aurobindo Pharma,,Knowledge Base,,,,,,,,,
,,,,,,,,,Avantha Business Solutions,,,Avantha Business Solutions,,,Avantha Business Solutions,,Kindergarten,,,,,,,,,
,,,,,,,,,Avaya,,,Avaya,,,Avaya,,Leadership,,,,,,,,,
,,,,,,,,,Aviva Life Insurance,,,Aviva Life Insurance,,,Aviva Life Insurance,,Logistics Management,,,,,,,,,
,,,,,,,,,Avvas Infotech,,,Avvas Infotech,,,Avvas Infotech,,Local Marketing,,,,,,,,,
,,,,,,,,,Axis Bank,,,Axis Bank,,,Axis Bank,,Legal Issues,,,,,,,,,
,,,,,,,,,BA Continuum,,,BA Continuum,,,BA Continuum,,Linux,,,,,,,,,
,,,,,,,,,BBC Heart Care,,,BBC Heart Care,,,BBC Heart Care,,Leadership Development,,,,,,,,,
,,,,,,,,,BCG,,,BCG,,,BCG,,Laboratory Skills,,,,,,,,,
,,,,,,,,,BMC Software,,,BMC Software,,,BMC Software,,Lean Manufacturing,,,,,,,,,
,,,,,,,,,BPTP,,,BPTP,,,BPTP,,Litigation,,,,,,,,,
,,,,,,,,,BSCPL Infrastructure,,,BSCPL Infrastructure,,,BSCPL Infrastructure,,Legal Writing,,,,,,,,,
,,,,,,,,,BT,,,BT,,,BT,,Negotiation,,,,,,,,,
,,,,,,,,,BT e-Serv,,,BT e-Serv,,,BT e-Serv,,Nonprofit Organizations,,,,,,,,,
,,,,,,,,,BYD Electronics,,,BYD Electronics,,,BYD Electronics,,New Business Opportunities,,,,,,,,,
,,,,,,,,,Bahwan Cyber Tek,,,Bahwan Cyber Tek,,,Bahwan Cyber Tek,,Newsletters,,,,,,,,,
,,,,,,,,,Bahwan Engineering Group,,,Bahwan Engineering Group,,,Bahwan Engineering Group,,New Hires,,,,,,,,,
,,,,,,,,,Bajaj Allianz Gen Insurance,,,Bajaj Allianz Gen Insurance,,,Bajaj Allianz Gen Insurance,,Network Communications,,,,,,,,,
,,,,,,,,,Bajaj Allianz Life Insurance,,,Bajaj Allianz Life Insurance,,,Bajaj Allianz Life Insurance,,Network Administration,,,,,,,,,
,,,,,,,,,Bajaj Auto,,,Bajaj Auto,,,Bajaj Auto,,Network Systems,,,,,,,,,
,,,,,,,,,Bajaj Auto Finance,,,Bajaj Auto Finance,,,Bajaj Auto Finance,,Network Attached Storage,,,,,,,,,
,,,,,,,,,Bajaj Capital,,,Bajaj Capital,,,Bajaj Capital,,Nutrition,,,,,,,,,
,,,,,,,,,Bajaj Electricals,,,Bajaj Electricals,,,Bajaj Electricals,,Order Fulfillment,,,,,,,,,
,,,,,,,,,Bajaj Hindusthan,,,Bajaj Hindusthan,,,Bajaj Hindusthan,,Online Advertising,,,,,,,,,
,,,,,,,,,Bapco,,,Bapco,,,Bapco,,Operating Systems,,,,,,,,,
,,,,,,,,,Barclays Shared Services,,,Barclays Shared Services,,,Barclays Shared Services,,Organizational Development,,,,,,,,,
,,,,,,,,,Barclays Technology,,,Barclays Technology,,,Barclays Technology,,Operations Management,,,,,,,,,
,,,,,,,,,Bard India Healthcare,,,Bard India Healthcare,,,Bard India Healthcare,,Organizational Structure,,,,,,,,,
,,,,,,,,,Bata,,,Bata,,,Bata,,Office Administration,,,,,,,,,
,,,,,,,,,Bausch And Lomb,,,Bausch And Lomb,,,Bausch And Lomb,,Oracle Database,,,,,,,,,
,,,,,,,,,Baxter,,,Baxter,,,Baxter,,Outsourcing,,,,,,,,,
,,,,,,,,,Bebo Technologies,,,Bebo Technologies,,,Bebo Technologies,,Performance Tuning,,,,,,,,,
,,,,,,,,,Bentley Systems,,,Bentley Systems,,,Bentley Systems,,Public Speaking,,,,,,,,,
,,,,,,,,,Berger Paints,,,Berger Paints,,,Berger Paints,,Project Planning,,,,,,,,,
,,,,,,,,,Bharat Hotels,,,Bharat Hotels,,,Bharat Hotels,,Program Management,,,,,,,,,
,,,,,,,,,Bharti AXA Gen Insurance,,,Bharti AXA Gen Insurance,,,Bharti AXA Gen Insurance,,Public Relations,,,,,,,,,
,,,,,,,,,Bharti AXA Life Insurance,,,Bharti AXA Life Insurance,,,Bharti AXA Life Insurance,,Public Policy,,,,,,,,,
,,,,,,,,,Bharti Airtel,,,Bharti Airtel,,,Bharti Airtel,,Problem Solving,,,,,,,,,
,,,,,,,,,Bharti Infratel,,,Bharti Infratel,,,Bharti Infratel,,Partnerships,,,,,,,,,
,,,,,,,,,Bharti Walmart,,,Bharti Walmart,,,Bharti Walmart,,Presentations,,,,,,,,,
,,,,,,,,,Bigshoebazaar,,,Bigshoebazaar,,,Bigshoebazaar,,Pricing Strategy,,,,,,,,,
,,,,,,,,,Bikanervala Foods,,,Bikanervala Foods,,,Bikanervala Foods,,Qualitative Research,,,,,,,,,
,,,,,,,,,Bilt Paper B.V.,,,Bilt Paper B.V.,,,Bilt Paper B.V.,,Queues,,,,,,,,,
,,,,,,,,,Biocon,,,Biocon,,,Biocon,,QuickBooks,,,,,,,,,
,,,,,,,,,Birlasoft,,,Birlasoft,,,Birlasoft,,Quality System,,,,,,,,,
,,,,,,,,,Blue Dart Express,,,Blue Dart Express,,,Blue Dart Express,,Quotations,,,,,,,,,
,,,,,,,,,Blue Star,,,Blue Star,,,Blue Star,,Quality Auditing,,,,,,,,,
,,,,,,,,,Bombay Stock Exchange,,,Bombay Stock Exchange,,,Bombay Stock Exchange,,Quantitative Research,,,,,,,,,
,,,,,,,,,BookMyShow,,,BookMyShow,,,BookMyShow,,Qualifying Prospects,,,,,,,,,
,,,,,,,,,Bosch,,,Bosch,,,Bosch,,Quality Improvement,,,,,,,,,
,,,,,,,,,Bosch India Software,,,Bosch India Software,,,Bosch India Software,,Query Writing,,,,,,,,,
,,,,,,,,,Brahmaputra Group,,,Brahmaputra Group,,,Brahmaputra Group,,Research,,,,,,,,,
,,,,,,,,,Brillio Technologies,,,Brillio Technologies,,,Brillio Technologies,,Retail,,,,,,,,,
,,,,,,,,,Britannia Industries,,,Britannia Industries,,,Britannia Industries,,Recruiting,,,,,,,,,
,,,,,,,,,British Telecom,,,British Telecom,,,British Telecom,,Real Estate,,,,,,,,,
,,,,,,,,,Broadcom,,,Broadcom,,,Broadcom,,Reviews,,,,,,,,,
,,,,,,,,,Broadridge Financial Solution,,,Broadridge Financial Solution,,,Broadridge Financial Solution,,Requirements Analysis,,,,,,,,,
,,,,,,,,,Brocade Comm. Systems,,,Brocade Comm. Systems,,,Brocade Comm. Systems,,Range,,,,,,,,,
,,,,,,,,,Brunel,,,Brunel,,,Brunel,,Regulations,,,,,,,,,
,,,,,,,,,Bureau Veritas,,,Bureau Veritas,,,Bureau Veritas,,Residential Homes,,,,,,,,,
,,,,,,,,,C&S Electric,,,C&S Electric,,,C&S Electric,,Records,,,,,,,,,
,,,,,,,,,C.Krishniah Chetty Sons,,,C.Krishniah Chetty Sons,,,C.Krishniah Chetty Sons,,Strategic Planning,,,,,,,,,
,,,,,,,,,CBay Systems,,,CBay Systems,,,CBay Systems,,Social Media,,,,,,,,,
,,,,,,,,,CEAT Tyres,,,CEAT Tyres,,,CEAT Tyres,,Staff Development,,,,,,,,,
,,,,,,,,,CGI Group Inc.,,,CGI Group Inc.,,,CGI Group Inc.,,Sales Management,,,,,,,,,
,,,,,,,,,CH2M,,,CH2M,,,CH2M,,Strategy,,,,,,,,,
,,,,,,,,,CH2M Hill,,,CH2M Hill,,,CH2M Hill,,Software,,,,,,,,,
,,,,,,,,,CLAAS,,,CLAAS,,,CLAAS,,Supervisory Skills,,,,,,,,,
,,,,,,,,,CMC,,,CMC,,,CMC,,SQL,,,,,,,,,
,,,,,,,,,CMS Info Systems,,,CMS Info Systems,,,CMS Info Systems,,Software Documentation,,,,,,,,,
,,,,,,,,,CNO IT services India,,,CNO IT services India,,,CNO IT services India,,Schedules,,,,,,,,,
,,,,,,,,,CPA Global Support,,,CPA Global Support,,,CPA Global Support,,Training,,,,,,,,,
,,,,,,,,,CPM India Sales,,,CPM India Sales,,,CPM India Sales,,Teamwork,,,,,,,,,
,,,,,,,,,CSC,,,CSC,,,CSC,,Team Leadership,,,,,,,,,
,,,,,,,,,CSG International,,,CSG International,,,CSG International,,Teaching,,,,,,,,,
,,,,,,,,,CSS Corp,,,CSS Corp,,,CSS Corp,,Team Building,,,,,,,,,
,,,,,,,,,CTCI Group,,,CTCI Group,,,CTCI Group,,Testing,,,,,,,,,
,,,,,,,,,Cactus Communications,,,Cactus Communications,,,Cactus Communications,,Time Management,,,,,,,,,
,,,,,,,,,Cadence,,,Cadence,,,Cadence,,Team Management,,,,,,,,,
,,,,,,,,,Cadila Healthcare,,,Cadila Healthcare,,,Cadila Healthcare,,Troubleshooting,,,,,,,,,
,,,,,,,,,Cadila Pharmaceuticals,,,Cadila Pharmaceuticals,,,Cadila Pharmaceuticals,,Telecommunications,,,,,,,,,
,,,,,,,,,Café Coffee Day,,,Café Coffee Day,,,Café Coffee Day,,Unix,,,,,,,,,
,,,,,,,,,California Software,,,California Software,,,California Software,,User Interface Design,,,,,,,,,
,,,,,,,,,Calsoft Labs,,,Calsoft Labs,,,Calsoft Labs,,User Experience,,,,,,,,,
,,,,,,,,,Canadian Natural,,,Canadian Natural,,,Canadian Natural,,Underwriting,,,,,,,,,
,,,,,,,,,Capco Technologies,,,Capco Technologies,,,Capco Technologies,,Department of Defense,,,,,,,,,
,,,,,,,,,Capgemini,,,Capgemini,,,Capgemini,,Unified Modeling Language,,,,,,,,,
,,,,,,,,,Capita,,,Capita,,,Capita,,University Teaching,,,,,,,,,
,,,,,,,,,Capital First,,,Capital First,,,Capital First,,User Acceptance Testing,,,,,,,,,
,,,,,,,,,Capital IQ,,,Capital IQ,,,Capital IQ,,Vendor Management,,,,,,,,,
,,,,,,,,,Cargill,,,Cargill,,,Cargill,,Video,,,,,,,,,
,,,,,,,,,Carlson Wagonlit Travel,,,Carlson Wagonlit Travel,,,Carlson Wagonlit Travel,,Video Production,,,,,,,,,
,,,,,,,,,Caterpillar,,,Caterpillar,,,Caterpillar,,Volunteering,,,,,,,,,
,,,,,,,,,CavinKare,,,CavinKare,,,CavinKare,,Validation,,,,,,,,,
,,,,,,,,,Celebi Holding,,,Celebi Holding,,,Celebi Holding,,Vendors,,,,,,,,,
,,,,,,,,,Centum Learning,,,Centum Learning,,,Centum Learning,,Volunteer Management,,,,,,,,,
,,,,,,,,,Centurylink Technologies,,,Centurylink Technologies,,,Centurylink Technologies,,Video Editing,,,,,,,,,
,,,,,,,,,Cerner Corporation,,,Cerner Corporation,,,Cerner Corporation,,Visual Merchandising,,,,,,,,,
,,,,,,,,,Chemplast Sanmar,,,Chemplast Sanmar,,,Chemplast Sanmar,,Windows,,,,,,,,,
,,,,,,,,,Chetu,,,Chetu,,,Chetu,,Writing,,,,,,,,,
,,,,,,,,,Ciber Global Solutions,,,Ciber Global Solutions,,,Ciber Global Solutions,,Web Design,,,,,,,,,
,,,,,,,,,Ciena Corporation,,,Ciena Corporation,,,Ciena Corporation,,Web Development,,,,,,,,,
,,,,,,,,,Cipla,,,Cipla,,,Cipla,,Windows Server,,,,,,,,,
,,,,,,,,,Cisco Systems,,,Cisco Systems,,,Cisco Systems,,Workshops,,,,,,,,,
,,,,,,,,,Citius IT Solutions,,,Citius IT Solutions,,,Citius IT Solutions,,Web Applications,,,,,,,,,
,,,,,,,,,Citrix,,,Citrix,,,Citrix,,Water Resource Management,,,,,,,,,
,,,,,,,,,Claris Lifesciences,,,Claris Lifesciences,,,Claris Lifesciences,,WordPress,,,,,,,,,
,,,,,,,,,Clear2Pay,,,Clear2Pay,,,Clear2Pay,,Wireless Technologies,,,,,,,,,
,,,,,,,,,Cleartrip,,,Cleartrip,,,Cleartrip,,Marine Corps,,,,,,,,,
,,,,,,,,,Cogent Data Solutions,,,Cogent Data Solutions,,,Cogent Data Solutions,,Medical Compliance,,,,,,,,,
,,,,,,,,,Cognizant Technology,,,Cognizant Technology,,,Cognizant Technology,,Military Aviation,,,,,,,,,
,,,,,,,,,Collabera Technologies,,,Collabera Technologies,,,Collabera Technologies,,Military Weapons,,,,,,,,,
,,,,,,,,,Columbia Asia,,,Columbia Asia,,,Columbia Asia,,Mechanical Engineering,,,,,,,,,
,,,,,,,,,Compass Group,,,Compass Group,,,Compass Group,,Basketball,,,,,,,,,
,,,,,,,,,Compuage Infocom,,,Compuage Infocom,,,Compuage Infocom,,Football,,,,,,,,,
,,,,,,,,,Computer Age Services,,,Computer Age Services,,,Computer Age Services,,Baseball,,,,,,,,,
,,,,,,,,,Comverse Network,,,Comverse Network,,,Comverse Network,,Swimming,,,,,,,,,
,,,,,,,,,Concentrix Daksh,,,Concentrix Daksh,,,Concentrix Daksh,,Volleyball,,,,,,,,,
,,,,,,,,,Concentrix Technologies,,,Concentrix Technologies,,,Concentrix Technologies,,Soccer,,,,,,,,,
,,,,,,,,,Contact KOREA,,,Contact KOREA,,,Contact KOREA,,Gymnastics,,,,,,,,,
,,,,,,,,,Continental Automotive,,,Continental Automotive,,,Continental Automotive,,Golf,,,,,,,,,
,,,,,,,,,Continental Engineering,,,Continental Engineering,,,Continental Engineering,,Diving,,,,,,,,,
,,,,,,,,,Convergys,,,Convergys,,,Convergys,,Data Explorer,,,,,,,,,
,,,,,,,,,Copal Research,,,Copal Research,,,Copal Research,,,,,,,,,,,
,,,,,,,,,Corbus,,,Corbus,,,Corbus,,,,,,,,,,,
,,,,,,,,,Corporate Manpower,,,Corporate Manpower,,,Corporate Manpower,,,,,,,,,,,
,,,,,,,,,Cosmic Structures,,,Cosmic Structures,,,Cosmic Structures,,,,,,,,,,,
,,,,,,,,,Cox & Kings,,,Cox & Kings,,,Cox & Kings,,,,,,,,,,,
,,,,,,,,,Cummins,,,Cummins,,,Cummins,,,,,,,,,,,
,,,,,,,,,Cvent,,,Cvent,,,Cvent,,,,,,,,,,,
,,,,,,,,,Cybage Software,,,Cybage Software,,,Cybage Software,,calendar_view_week,,,,,,,,,
,,,,,,,,,Cyient,,,Cyient,,,Cyient,,resumes_development.csv,,,,,,,,,
,,,,,,,,,Cypress Semiconductor,,,Cypress Semiconductor,,,Cypress Semiconductor,,,,,,,,,,,
,,,,,,,,,DCM Shriram,,,DCM Shriram,,,DCM Shriram,,calendar_view_week,,,,,,,,,
,,,,,,,,,DHFL Pramarica Life,,,DHFL Pramarica Life,,,DHFL Pramarica Life,,resumes_pilot.csv,,,,,,,,,
,,,,,,,,,DHL,,,DHL,,,DHL,,,,,,,,,,,
,,,,,,,,,DHL Lemuir Logistics,,,DHL Lemuir Logistics,,,DHL Lemuir Logistics,,article,,,,,,,,,
,,,,,,,,,DLF,,,DLF,,,DLF,,skills.txt,,,,,,,,,
,,,,,,,,,DS Group,,,DS Group,,,DS Group,,,,,,,,,,,
,,,,,,,,,Dabur India,,,Dabur India,,,Dabur India,,Summary,,,,,,,,,
,,,,,,,,,Dainik Bhaskar Group,,,Dainik Bhaskar Group,,,Dainik Bhaskar Group,,folder,,,,,,,,,
,,,,,,,,,Damco Solutions,,,Damco Solutions,,,Damco Solutions,,5 files,,,,,,,,,
,,,,,,,,,Dar Al Riyadh,,,Dar Al Riyadh,,,Dar Al Riyadh,,,,,,,,,,,
,,,,,,,,,Datamatics Financial,,,Datamatics Financial,,,Datamatics Financial,,calendar_view_week,,,,,,,,,
,,,,,,,,,Datamatics Ltd,,,Datamatics Ltd,,,Datamatics Ltd,,,,,,,,,,,
,,,,,,,,,Datamatics Software,,,Datamatics Software,,,Datamatics Software,,,,,,,,,,,
,,,,,,,,,Deepak Fertiliser,,,Deepak Fertiliser,,,Deepak Fertiliser,,,,,,,,,,,
,,,,,,,,,Dell,,,Dell,,,Dell,,,,,,,,,,,
,,,,,,,,,Dell International,,,Dell International,,,Dell International,,,,,,,,,,,
,,,,,,,,,Deloitte,,,Deloitte,,,Deloitte,,,,,,,,,,,
,,,,,,,,,Deloitte Shared Services,,,Deloitte Shared Services,,,Deloitte Shared Services,,,,,,,,,,,
,,,,,,,,,Delta Corp,,,Delta Corp,,,Delta Corp,,,,,,,,,,,
,,,,,,,,,Delta Technology,,,Delta Technology,,,Delta Technology,,,,,,,,,,,
,,,,,,,,,Designco,,,Designco,,,Designco,,,,,,,,,,,
,,,,,,,,,Dewan Housing Finance,,,Dewan Housing Finance,,,Dewan Housing Finance,,,,,,,,,,,
,,,,,,,,,Dhanlaxmi Bank,,,Dhanlaxmi Bank,,,Dhanlaxmi Bank,,,,,,,,,,,
,,,,,,,,,Dimension Data,,,Dimension Data,,,Dimension Data,,,,,,,,,,,
,,,,,,,,,Directi,,,Directi,,,Directi,,,,,,,,,,,
,,,,,,,,,DishTV,,,DishTV,,,DishTV,,,,,,,,,,,
,,,,,,,,,Doosan Power Systems,,,Doosan Power Systems,,,Doosan Power Systems,,,,,,,,,,,
,,,,,,,,,Dr. Reddys Labs,,,Dr. Reddys Labs,,,Dr. Reddys Labs,,,,,,,,,,,
,,,,,,,,,Dreamz Infra,,,Dreamz Infra,,,Dreamz Infra,,,,,,,,,,,
,,,,,,,,,Dresser-Rand,,,Dresser-Rand,,,Dresser-Rand,,,,,,,,,,,
,,,,,,,,,E I DuPont,,,E I DuPont,,,E I DuPont,,,,,,,,,,,
,,,,,,,,,EA Games,,,EA Games,,,EA Games,,,,,,,,,,,
,,,,,,,,,EMC Data Storage,,,EMC Data Storage,,,EMC Data Storage,,,,,,,,,,,
,,,,,,,,,EMC Software Services,,,EMC Software Services,,,EMC Software Services,,,,,,,,,,,
,,,,,,,,,EXFO Electro-Optical,,,EXFO Electro-Optical,,,EXFO Electro-Optical,,,,,,,,,,,
,,,,,,,,,EXL Services.com,,,EXL Services.com,,,EXL Services.com,,,,,,,,,,,
,,,,,,,,,Earth Infrastructures,,,Earth Infrastructures,,,Earth Infrastructures,,,,,,,,,,,
,,,,,,,,,Eaton Technologies,,,Eaton Technologies,,,Eaton Technologies,,,,,,,,,,,
,,,,,,,,,Ebusinessware,,,Ebusinessware,,,Ebusinessware,,,,,,,,,,,
,,,,,,,,,Ecomnets Technologies,,,Ecomnets Technologies,,,Ecomnets Technologies,,,,,,,,,,,
,,,,,,,,,Educomp Solutions,,,Educomp Solutions,,,Educomp Solutions,,,,,,,,,,,
,,,,,,,,,Elecon Engineering,,,Elecon Engineering,,,Elecon Engineering,,,,,,,,,,,
,,,,,,,,,Eleme Petrochemicals,,,Eleme Petrochemicals,,,Eleme Petrochemicals,,,,,,,,,,,
,,,,,,,,,Eli Research,,,Eli Research,,,Eli Research,,,,,,,,,,,
,,,,,,,,,Elico Health Care,,,Elico Health Care,,,Elico Health Care,,,,,,,,,,,
,,,,,,,,,Embassy of Saudi Arabia,,,Embassy of Saudi Arabia,,,Embassy of Saudi Arabia,,,,,,,,,,,
,,,,,,,,,Emco,,,Emco,,,Emco,,,,,,,,,,,
,,,,,,,,,Emcure Pharmaceutical,,,Emcure Pharmaceutical,,,Emcure Pharmaceutical,,,,,,,,,,,
,,,,,,,,,Emerson Information,,,Emerson Information,,,Emerson Information,,,,,,,,,,,
,,,,,,,,,Emerson Innovation,,,Emerson Innovation,,,Emerson Innovation,,,,,,,,,,,
,,,,,,,,,Encore Capital Group,,,Encore Capital Group,,,Encore Capital Group,,,,,,,,,,,
,,,,,,,,,Enercon,,,Enercon,,,Enercon,,,,,,,,,,,
,,,,,,,,,Enrich IT Services,,,Enrich IT Services,,,Enrich IT Services,,,,,,,,,,,
,,,,,,,,,Era Group,,,Era Group,,,Era Group,,,,,,,,,,,
,,,,,,,,,Ericsson,,,Ericsson,,,Ericsson,,,,,,,,,,,
,,,,,,,,,Ernst & Young,,,Ernst & Young,,,Ernst & Young,,,,,,,,,,,
,,,,,,,,,Escorts,,,Escorts,,,Escorts,,,,,,,,,,,
,,,,,,,,,Esolser,,,Esolser,,,Esolser,,,,,,,,,,,
,,,,,,,,,Espire Infolabs,,,Espire Infolabs,,,Espire Infolabs,,,,,,,,,,,
,,,,,,,,,Essar,,,Essar,,,Essar,,,,,,,,,,,
,,,,,,,,,Eureka Forbes,,,Eureka Forbes,,,Eureka Forbes,,,,,,,,,,,
,,,,,,,,,Evalueserve,,,Evalueserve,,,Evalueserve,,,,,,,,,,,
,,,,,,,,,Everest Industries,,,Everest Industries,,,Everest Industries,,,,,,,,,,,
,,,,,,,,,ExcelaCom Technologies,,,ExcelaCom Technologies,,,ExcelaCom Technologies,,,,,,,,,,,
,,,,,,,,,Exide Industries,,,Exide Industries,,,Exide Industries,,,,,,,,,,,
,,,,,,,,,Exide Life Insurance,,,Exide Life Insurance,,,Exide Life Insurance,,,,,,,,,,,
,,,,,,,,,Expedia,,,Expedia,,,Expedia,,,,,,,,,,,
,,,,,,,,,Extramarks.com,,,Extramarks.com,,,Extramarks.com,,,,,,,,,,,
,,,,,,,,,F.L.Smidth,,,F.L.Smidth,,,F.L.Smidth,,,,,,,,,,,
,,,,,,,,,FAG Bearings India Ltd,,,FAG Bearings India Ltd,,,FAG Bearings India Ltd,,,,,,,,,,,
,,,,,,,,,FCS Software,,,FCS Software,,,FCS Software,,,,,,,,,,,
,,,,,,,,,FIITJEE,,,FIITJEE,,,FIITJEE,,,,,,,,,,,
,,,,,,,,,FIS Global Business,,,FIS Global Business,,,FIS Global Business,,,,,,,,,,,
,,,,,,,,,FLAME University,,,FLAME University,,,FLAME University,,,,,,,,,,,
,,,,,,,,,FNF BPO Services,,,FNF BPO Services,,,FNF BPO Services,,,,,,,,,,,
,,,,,,,,,Facebook,,,Facebook,,,Facebook,,,,,,,,,,,
,,,,,,,,,FactSet Systems India,,,FactSet Systems India,,,FactSet Systems India,,,,,,,,,,,
,,,,,,,,,Fast Track Software,,,Fast Track Software,,,Fast Track Software,,,,,,,,,,,
,,,,,,,,,Fedders Lloyd Corp.,,,Fedders Lloyd Corp.,,,Fedders Lloyd Corp.,,,,,,,,,,,
,,,,,,,,,Feedback Infra,,,Feedback Infra,,,Feedback Infra,,,,,,,,,,,
,,,,,,,,,Fidelity Business,,,Fidelity Business,,,Fidelity Business,,,,,,,,,,,
,,,,,,,,,Fidelity India,,,Fidelity India,,,Fidelity India,,,,,,,,,,,
,,,,,,,,,Fidelity Investments,,,Fidelity Investments,,,Fidelity Investments,,,,,,,,,,,
,,,,,,,,,Financial Software,,,Financial Software,,,Financial Software,,,,,,,,,,,
,,,,,,,,,Finecure Pharma,,,Finecure Pharma,,,Finecure Pharma,,,,,,,,,,,
,,,,,,,,,Finolex,,,Finolex,,,Finolex,,,,,,,,,,,
,,,,,,,,,Firestar Diamond,,,Firestar Diamond,,,Firestar Diamond,,,,,,,,,,,
,,,,,,,,,First American Corp.,,,First American Corp.,,,First American Corp.,,,,,,,,,,,
,,,,,,,,,Fiserv,,,Fiserv,,,Fiserv,,,,,,,,,,,
,,,,,,,,,Flextronics,,,Flextronics,,,Flextronics,,,,,,,,,,,
,,,,,,,,,Flipkart,,,Flipkart,,,Flipkart,,,,,,,,,,,
,,,,,,,,,Flora Hospitality,,,Flora Hospitality,,,Flora Hospitality,,,,,,,,,,,
,,,,,,,,,Fluor Daniel,,,Fluor Daniel,,,Fluor Daniel,,,,,,,,,,,
,,,,,,,,,Focus Energy,,,Focus Energy,,,Focus Energy,,,,,,,,,,,
,,,,,,,,,Food Panda,,,Food Panda,,,Food Panda,,,,,,,,,,,
,,,,,,,,,Ford,,,Ford,,,Ford,,,,,,,,,,,
,,,,,,,,,Fortis Healthcare,,,Fortis Healthcare,,,Fortis Healthcare,,,,,,,,,,,
,,,,,,,,,Forun Express,,,Forun Express,,,Forun Express,,,,,,,,,,,
,,,,,,,,,Fosroc Chemicals,,,Fosroc Chemicals,,,Fosroc Chemicals,,,,,,,,,,,
,,,,,,,,,Foton Motors,,,Foton Motors,,,Foton Motors,,,,,,,,,,,
,,,,,,,,,Franchise India,,,Franchise India,,,Franchise India,,,,,,,,,,,
,,,,,,,,,Frankfinn,,,Frankfinn,,,Frankfinn,,,,,,,,,,,
,,,,,,,,,Frontier International,,,Frontier International,,,Frontier International,,,,,,,,,,,
,,,,,,,,,Frontline Consulting,,,Frontline Consulting,,,Frontline Consulting,,,,,,,,,,,
,,,,,,,,,Fun Multiplex,,,Fun Multiplex,,,Fun Multiplex,,,,,,,,,,,
,,,,,,,,,Future Retail,,,Future Retail,,,Future Retail,,,,,,,,,,,
,,,,,,,,,G-Cube Webwide,,,G-Cube Webwide,,,G-Cube Webwide,,,,,,,,,,,
,,,,,,,,,G4S Corporate Services,,,G4S Corporate Services,,,G4S Corporate Services,,,,,,,,,,,
,,,,,,,,,GAP International,,,GAP International,,,GAP International,,,,,,,,,,,
,,,,,,,,,GE,,,GE,,,GE,,,,,,,,,,,
,,,,,,,,,GE Capital BPM,,,GE Capital BPM,,,GE Capital BPM,,,,,,,,,,,
,,,,,,,,,GE IIPL(GE HEalthcare),,,GE IIPL(GE HEalthcare),,,GE IIPL(GE HEalthcare),,,,,,,,,,,
,,,,,,,,,GE India Technology,,,GE India Technology,,,GE India Technology,,,,,,,,,,,
,,,,,,,,,GEIIPL - Division MSD,,,GEIIPL - Division MSD,,,GEIIPL - Division MSD,,,,,,,,,,,
,,,,,,,,,GMR Infrastructure,,,GMR Infrastructure,,,GMR Infrastructure,,,,,,,,,,,
,,,,,,,,,GS Engg & Construction,,,GS Engg & Construction,,,GS Engg & Construction,,,,,,,,,,,
,,,,,,,,,GVK Biosciences,,,GVK Biosciences,,,GVK Biosciences,,,,,,,,,,,
,,,,,,,,,Gammon,,,Gammon,,,Gammon,,,,,,,,,,,
,,,,,,,,,General Motors,,,General Motors,,,General Motors,,,,,,,,,,,
,,,,,,,,,General Motors India,,,General Motors India,,,General Motors India,,,,,,,,,,,
,,,,,,,,,Genpact,,,Genpact,,,Genpact,,,,,,,,,,,
,,,,,,,,,Geometric,,,Geometric,,,Geometric,,,,,,,,,,,
,,,,,,,,,Global Edge Software,,,Global Edge Software,,,Global Edge Software,,,,,,,,,,,
,,,,,,,,,Global Energy,,,Global Energy,,,Global Energy,,,,,,,,,,,
,,,,,,,,,Global Health,,,Global Health,,,Global Health,,,,,,,,,,,
,,,,,,,,,Global Talent Track,,,Global Talent Track,,,Global Talent Track,,,,,,,,,,,
,,,,,,,,,GlobalEdge Software,,,GlobalEdge Software,,,GlobalEdge Software,,,,,,,,,,,
,,,,,,,,,GlobalLogic Technologies,,,GlobalLogic Technologies,,,GlobalLogic Technologies,,,,,,,,,,,
,,,,,,,,,Globallogic,,,Globallogic,,,Globallogic,,,,,,,,,,,
,,,,,,,,,Go Airlines,,,Go Airlines,,,Go Airlines,,,,,,,,,,,
,,,,,,,,,Godfrey Phillips,,,Godfrey Phillips,,,Godfrey Phillips,,,,,,,,,,,
,,,,,,,,,Godrej,,,Godrej,,,Godrej,,,,,,,,,,,
,,,,,,,,,Godrej Infotech,,,Godrej Infotech,,,Godrej Infotech,,,,,,,,,,,
,,,,,,,,,Godrej and Boyce Mfg.,,,Godrej and Boyce Mfg.,,,Godrej and Boyce Mfg.,,,,,,,,,,,
,,,,,,,,,GoldSquare Sales,,,GoldSquare Sales,,,GoldSquare Sales,,,,,,,,,,,
,,,,,,,,,Goldman Sachs,,,Goldman Sachs,,,Goldman Sachs,,,,,,,,,,,
,,,,,,,,,Granada Services,,,Granada Services,,,Granada Services,,,,,,,,,,,
,,,,,,,,,Greenage Griha Nirmaan,,,Greenage Griha Nirmaan,,,Greenage Griha Nirmaan,,,,,,,,,,,
,,,,,,,,,Greenpeace India,,,Greenpeace India,,,Greenpeace India,,,,,,,,,,,
,,,,,,,,,Groupon,,,Groupon,,,Groupon,,,,,,,,,,,
,,,,,,,,,H.R Johnson,,,H.R Johnson,,,H.R Johnson,,,,,,,,,,,
,,,,,,,,,HCL Infosystems,,,HCL Infosystems,,,HCL Infosystems,,,,,,,,,,,
,,,,,,,,,HCL Technologies,,,HCL Technologies,,,HCL Technologies,,,,,,,,,,,
,,,,,,,,,HDB Financial Services Ltd,,,HDB Financial Services Ltd,,,HDB Financial Services Ltd,,,,,,,,,,,
,,,,,,,,,HDFC Bank,,,HDFC Bank,,,HDFC Bank,,,,,,,,,,,
,,,,,,,,,HDFC ERGO,,,HDFC ERGO,,,HDFC ERGO,,,,,,,,,,,
,,,,,,,,,HDFC Std Life,,,HDFC Std Life,,,HDFC Std Life,,,,,,,,,,,
,,,,,,,,,HSBC Electronic Data,,,HSBC Electronic Data,,,HSBC Electronic Data,,,,,,,,,,,
,,,,,,,,,HSBC Investdirect,,,HSBC Investdirect,,,HSBC Investdirect,,,,,,,,,,,
,,,,,,,,,HTC Global Services,,,HTC Global Services,,,HTC Global Services,,,,,,,,,,,
,,,,,,,,,Hackett Group,,,Hackett Group,,,Hackett Group,,,,,,,,,,,
,,,,,,,,,Haier Appliances,,,Haier Appliances,,,Haier Appliances,,,,,,,,,,,
,,,,,,,,,Harbinger Systems,,,Harbinger Systems,,,Harbinger Systems,,,,,,,,,,,
,,,,,,,,,Harman International,,,Harman International,,,Harman International,,,,,,,,,,,
,,,,,,,,,Headstrong,,,Headstrong,,,Headstrong,,,,,,,,,,,
,,,,,,,,,Headstrong (Gempact),,,Headstrong (Gempact),,,Headstrong (Gempact),,,,,,,,,,,
,,,,,,,,,HealthAsyst,,,HealthAsyst,,,HealthAsyst,,,,,,,,,,,
,,,,,,,,,Helios Matheson,,,Helios Matheson,,,Helios Matheson,,,,,,,,,,,
,,,,,,,,,Here,,,Here,,,Here,,,,,,,,,,,
,,,,,,,,,Heritage Foods,,,Heritage Foods,,,Heritage Foods,,,,,,,,,,,
,,,,,,,,,Hero Corp. Services,,,Hero Corp. Services,,,Hero Corp. Services,,,,,,,,,,,
,,,,,,,,,Hettich,,,Hettich,,,Hettich,,,,,,,,,,,
,,,,,,,,,Hewitt Associates,,,Hewitt Associates,,,Hewitt Associates,,,,,,,,,,,
,,,,,,,,,Hewlett-Packard,,,Hewlett-Packard,,,Hewlett-Packard,,,,,,,,,,,
,,,,,,,,,Hexaware BPS,,,Hexaware BPS,,,Hexaware BPS,,,,,,,,,,,
,,,,,,,,,Hexaware Technologies,,,Hexaware Technologies,,,Hexaware Technologies,,,,,,,,,,,
,,,,,,,,,Hi-Tech Outsourcing,,,Hi-Tech Outsourcing,,,Hi-Tech Outsourcing,,,,,,,,,,,
,,,,,,,,,Hilton Hotel Management,,,Hilton Hotel Management,,,Hilton Hotel Management,,,,,,,,,,,
,,,,,,,,,Himachal Futuristic,,,Himachal Futuristic,,,Himachal Futuristic,,,,,,,,,,,
,,,,,,,,,Hindalco Industries,,,Hindalco Industries,,,Hindalco Industries,,,,,,,,,,,
,,,,,,,,,Hinduja Global,,,Hinduja Global,,,Hinduja Global,,,,,,,,,,,
,,,,,,,,,Hindustan Coca Cola,,,Hindustan Coca Cola,,,Hindustan Coca Cola,,,,,,,,,,,
,,,,,,,,,Hindustan Construction,,,Hindustan Construction,,,Hindustan Construction,,,,,,,,,,,
,,,,,,,,,Hindustan Dorr Oliver,,,Hindustan Dorr Oliver,,,Hindustan Dorr Oliver,,,,,,,,,,,
,,,,,,,,,Hindustan Latex,,,Hindustan Latex,,,Hindustan Latex,,,,,,,,,,,
,,,,,,,,,Hindustan Unilever,,,Hindustan Unilever,,,Hindustan Unilever,,,,,,,,,,,
,,,,,,,,,Hiranandani Developers,,,Hiranandani Developers,,,Hiranandani Developers,,,,,,,,,,,
,,,,,,,,,Hitachi Consulting,,,Hitachi Consulting,,,Hitachi Consulting,,,,,,,,,,,
,,,,,,,,,Homeshop18,,,Homeshop18,,,Homeshop18,,,,,,,,,,,
,,,,,,,,,Homeward Residential,,,Homeward Residential,,,Homeward Residential,,,,,,,,,,,
,,,,,,,,,Honda Cars,,,Honda Cars,,,Honda Cars,,,,,,,,,,,
,,,,,,,,,Honda Motorcycle,,,Honda Motorcycle,,,Honda Motorcycle,,,,,,,,,,,
,,,,,,,,,Honeywell,,,Honeywell,,,Honeywell,,,,,,,,,,,
,,,,,,,,,Honeywell Technology,,,Honeywell Technology,,,Honeywell Technology,,,,,,,,,,,
,,,,,,,,,Hospira Healthcare,,,Hospira Healthcare,,,Hospira Healthcare,,,,,,,,,,,
,,,,,,,,,Huawei Technologies,,,Huawei Technologies,,,Huawei Technologies,,,,,,,,,,,
,,,,,,,,,Huawei Telecomm.,,,Huawei Telecomm.,,,Huawei Telecomm.,,,,,,,,,,,
,,,,,,,,,Hurix Systems,,,Hurix Systems,,,Hurix Systems,,,,,,,,,,,
,,,,,,,,,Hyatt Regency Delhi,,,Hyatt Regency Delhi,,,Hyatt Regency Delhi,,,,,,,,,,,
,,,,,,,,,Hyundai Motor,,,Hyundai Motor,,,Hyundai Motor,,,,,,,,,,,
,,,,,,,,,IAP Company,,,IAP Company,,,IAP Company,,,,,,,,,,,
,,,,,,,,,IBM India,,,IBM India,,,IBM India,,,,,,,,,,,
,,,,,,,,,ICICI Bank,,,ICICI Bank,,,ICICI Bank,,,,,,,,,,,
,,,,,,,,,ICICI Lombard,,,ICICI Lombard,,,ICICI Lombard,,,,,,,,,,,
,,,,,,,,,ICICI Prudential,,,ICICI Prudential,,,ICICI Prudential,,,,,,,,,,,
,,,,,,,,,ICON Clinical Research,,,ICON Clinical Research,,,ICON Clinical Research,,,,,,,,,,,
,,,,,,,,,ICT Consultants,,,ICT Consultants,,,ICT Consultants,,,,,,,,,,,
,,,,,,,,,IDBI Capital,,,IDBI Capital,,,IDBI Capital,,,,,,,,,,,
,,,,,,,,,IDBI Federal Life,,,IDBI Federal Life,,,IDBI Federal Life,,,,,,,,,,,
,,,,,,,,,IDFC,,,IDFC,,,IDFC,,,,,,,,,,,
,,,,,,,,,IGATE,,,IGATE,,,IGATE,,,,,,,,,,,
,,,,,,,,,IGT Solutions,,,IGT Solutions,,,IGT Solutions,,,,,,,,,,,
,,,,,,,,,IHG IT Services,,,IHG IT Services,,,IHG IT Services,,,,,,,,,,,
,,,,,,,,,IHS,,,IHS,,,IHS,,,,,,,,,,,
,,,,,,,,,IIPM,,,IIPM,,,IIPM,,,,,,,,,,,
,,,,,,,,,IKS Health,,,IKS Health,,,IKS Health,,,,,,,,,,,
,,,,,,,,,ION Trading,,,ION Trading,,,ION Trading,,,,,,,,,,,
,,,,,,,,,IONNOR Solutions,,,IONNOR Solutions,,,IONNOR Solutions,,,,,,,,,,,
,,,,,,,,,IPsoft,,,IPsoft,,,IPsoft,,,,,,,,,,,
,,,,,,,,,ISGEC Heavy Engg,,,ISGEC Heavy Engg,,,ISGEC Heavy Engg,,,,,,,,,,,
,,,,,,,,,ITC,,,ITC,,,ITC,,,,,,,,,,,
,,,,,,,,,ITC Hotels,,,ITC Hotels,,,ITC Hotels,,,,,,,,,,,
,,,,,,,,,ITC Infotech,,,ITC Infotech,,,ITC Infotech,,,,,,,,,,,
,,,,,,,,,ITM Group,,,ITM Group,,,ITM Group,,,,,,,,,,,
,,,,,,,,,IVRCL,,,IVRCL,,,IVRCL,,,,,,,,,,,
,,,,,,,,,Idea Cellular,,,Idea Cellular,,,Idea Cellular,,,,,,,,,,,
,,,,,,,,,Idha Soft,,,Idha Soft,,,Idha Soft,,,,,,,,,,,
,,,,,,,,,Impetus Infotech,,,Impetus Infotech,,,Impetus Infotech,,,,,,,,,,,
,,,,,,,,,Inatech Infosolutions,,,Inatech Infosolutions,,,Inatech Infosolutions,,,,,,,,,,,
,,,,,,,,,Indecomm Technology,,,Indecomm Technology,,,Indecomm Technology,,,,,,,,,,,
,,,,,,,,,Indegene LifeSystems,,,Indegene LifeSystems,,,Indegene LifeSystems,,,,,,,,,,,
,,,,,,,,,India Glycols,,,India Glycols,,,India Glycols,,,,,,,,,,,
,,,,,,,,,India Infoline,,,India Infoline,,,India Infoline,,,,,,,,,,,
,,,,,,,,,India Yamaha Motor,,,India Yamaha Motor,,,India Yamaha Motor,,,,,,,,,,,
,,,,,,,,,IndiaMART,,,IndiaMART,,,IndiaMART,,,,,,,,,,,
,,,,,,,,,Indiabulls Real Estate,,,Indiabulls Real Estate,,,Indiabulls Real Estate,,,,,,,,,,,
,,,,,,,,,Indiabulls Technology,,,Indiabulls Technology,,,Indiabulls Technology,,,,,,,,,,,
,,,,,,,,,Indian Hotels Company,,,Indian Hotels Company,,,Indian Hotels Company,,,,,,,,,,,
,,,,,,,,,Indian Immunologicals,,,Indian Immunologicals,,,Indian Immunologicals,,,,,,,,,,,
,,,,,,,,,Inditex,,,Inditex,,,Inditex,,,,,,,,,,,
,,,,,,,,,Indus Towers,,,Indus Towers,,,Indus Towers,,,,,,,,,,,
,,,,,,,,,IndusInd Bank,,,IndusInd Bank,,,IndusInd Bank,,,,,,,,,,,
,,,,,,,,,Infineon,,,Infineon,,,Infineon,,,,,,,,,,,
,,,,,,,,,Infinite Computing,,,Infinite Computing,,,Infinite Computing,,,,,,,,,,,
,,,,,,,,,Infinite Solutions,,,Infinite Solutions,,,Infinite Solutions,,,,,,,,,,,
,,,,,,,,,Infiniti Retail,,,Infiniti Retail,,,Infiniti Retail,,,,,,,,,,,
,,,,,,,,,Info Edge,,,Info Edge,,,Info Edge,,,,,,,,,,,
,,,,,,,,,Infocom Network,,,Infocom Network,,,Infocom Network,,,,,,,,,,,
,,,,,,,,,Infogain,,,Infogain,,,Infogain,,,,,,,,,,,
,,,,,,,,,Infogix,,,Infogix,,,Infogix,,,,,,,,,,,
,,,,,,,,,Informatica,,,Informatica,,,Informatica,,,,,,,,,,,
,,,,,,,,,Information Systems RC,,,Information Systems RC,,,Information Systems RC,,,,,,,,,,,
,,,,,,,,,Infosys BPO,,,Infosys BPO,,,Infosys BPO,,,,,,,,,,,
,,,,,,,,,Infosys Technologies,,,Infosys Technologies,,,Infosys Technologies,,,,,,,,,,,
,,,,,,,,,Ing Vysya Bank,,,Ing Vysya Bank,,,Ing Vysya Bank,,,,,,,,,,,
,,,,,,,,,Ingram Micro,,,Ingram Micro,,,Ingram Micro,,,,,,,,,,,
,,,,,,,,,Intas Pharmaceuticals,,,Intas Pharmaceuticals,,,Intas Pharmaceuticals,,,,,,,,,,,
,,,,,,,,,Intec Capital,,,Intec Capital,,,Intec Capital,,,,,,,,,,,
,,,,,,,,,Intel Technology,,,Intel Technology,,,Intel Technology,,,,,,,,,,,
,,,,,,,,,Intellect Design Arena,,,Intellect Design Arena,,,Intellect Design Arena,,,,,,,,,,,
,,,,,,,,,Intelliswift Software,,,Intelliswift Software,,,Intelliswift Software,,,,,,,,,,,
,,,,,,,,,InterContinental Hotels,,,InterContinental Hotels,,,InterContinental Hotels,,,,,,,,,,,
,,,,,,,,,InterGlobe Technologies,,,InterGlobe Technologies,,,InterGlobe Technologies,,,,,,,,,,,
,,,,,,,,,Interglobe Enterprises,,,Interglobe Enterprises,,,Interglobe Enterprises,,,,,,,,,,,
,,,,,,,,,International Tractors,,,International Tractors,,,International Tractors,,,,,,,,,,,
,,,,,,,,,Intuit,,,Intuit,,,Intuit,,,,,,,,,,,
,,,,,,,,,Invensys,,,Invensys,,,Invensys,,,,,,,,,,,
,,,,,,,,,Invesco,,,Invesco,,,Invesco,,,,,,,,,,,
,,,,,,,,,Investors Clinic,,,Investors Clinic,,,Investors Clinic,,,,,,,,,,,
,,,,,,,,,IonIdea,,,IonIdea,,,IonIdea,,,,,,,,,,,
,,,,,,,,,Ireo,,,Ireo,,,Ireo,,,,,,,,,,,
,,,,,,,,,Iris Software,,,Iris Software,,,Iris Software,,,,,,,,,,,
,,,,,,,,,Ishi Systems Inc.,,,Ishi Systems Inc.,,,Ishi Systems Inc.,,,,,,,,,,,
,,,,,,,,,JDA Software,,,JDA Software,,,JDA Software,,,,,,,,,,,
,,,,,,,,,JHM Interstate Hotels,,,JHM Interstate Hotels,,,JHM Interstate Hotels,,,,,,,,,,,
,,,,,,,,,JK Technosoft,,,JK Technosoft,,,JK Technosoft,,,,,,,,,,,
,,,,,,,,,JLL Meghraj,,,JLL Meghraj,,,JLL Meghraj,,,,,,,,,,,
,,,,,,,,,JPMorgan,,,JPMorgan,,,JPMorgan,,,,,,,,,,,
,,,,,,,,,Jade e services,,,Jade e services,,,Jade e services,,,,,,,,,,,
,,,,,,,,,Jaguar Overseas,,,Jaguar Overseas,,,Jaguar Overseas,,,,,,,,,,,
,,,,,,,,,Jaiprakash Associates,,,Jaiprakash Associates,,,Jaiprakash Associates,,,,,,,,,,,
,,,,,,,,,Jasper Infotech,,,Jasper Infotech,,,Jasper Infotech,,,,,,,,,,,
,,,,,,,,,Jindal Aluminium,,,Jindal Aluminium,,,Jindal Aluminium,,,,,,,,,,,
,,,,,,,,,Jindal Drilling,,,Jindal Drilling,,,Jindal Drilling,,,,,,,,,,,
,,,,,,,,,Jindal Saw,,,Jindal Saw,,,Jindal Saw,,,,,,,,,,,
,,,,,,,,,Jindal Stainless,,,Jindal Stainless,,,Jindal Stainless,,,,,,,,,,,
,,,,,,,,,Jindal Steel Power,,,Jindal Steel Power,,,Jindal Steel Power,,,,,,,,,,,
,,,,,,,,,Jubilant Foodworks,,,Jubilant Foodworks,,,Jubilant Foodworks,,,,,,,,,,,
,,,,,,,,,Jubilant Life Sciences,,,Jubilant Life Sciences,,,Jubilant Life Sciences,,,,,,,,,,,
,,,,,,,,,Juniper Networks,,,Juniper Networks,,,Juniper Networks,,,,,,,,,,,
,,,,,,,,,K Raheja Corp,,,K Raheja Corp,,,K Raheja Corp,,,,,,,,,,,
,,,,,,,,,KDK Group,,,KDK Group,,,KDK Group,,,,,,,,,,,
,,,,,,,,,KPIT Technologies,,,KPIT Technologies,,,KPIT Technologies,,,,,,,,,,,
,,,,,,,,,KPMG,,,KPMG,,,KPMG,,,,,,,,,,,
,,,,,,,,,KSB Pumps,,,KSB Pumps,,,KSB Pumps,,,,,,,,,,,
,,,,,,,,,Karvy Stock Broking,,,Karvy Stock Broking,,,Karvy Stock Broking,,,,,,,,,,,
,,,,,,,,,Kennametal,,,Kennametal,,,Kennametal,,,,,,,,,,,
,,,,,,,,,Kingfisher Airlines,,,Kingfisher Airlines,,,Kingfisher Airlines,,,,,,,,,,,
,,,,,,,,,Kirloskar,,,Kirloskar,,,Kirloskar,,,,,,,,,,,
,,,,,,,,,Kotak Life Insurance,,,Kotak Life Insurance,,,Kotak Life Insurance,,,,,,,,,,,
,,,,,,,,,Kotak Securities,,,Kotak Securities,,,Kotak Securities,,,,,,,,,,,
,,,,,,,,,Kronos Solutions,,,Kronos Solutions,,,Kronos Solutions,,,,,,,,,,,
,,,,,,,,,L&T Infotech,,,L&T Infotech,,,L&T Infotech,,,,,,,,,,,
,,,,,,,,,LG Electronics,,,LG Electronics,,,LG Electronics,,,,,,,,,,,
,,,,,,,,,LG Soft,,,LG Soft,,,LG Soft,,,,,,,,,,,
,,,,,,,,,LOREAL,,,LOREAL,,,LOREAL,,,,,,,,,,,
,,,,,,,,,LPU,,,LPU,,,LPU,,,,,,,,,,,
,,,,,,,,,LSC Infratech,,,LSC Infratech,,,LSC Infratech,,,,,,,,,,,
,,,,,,,,,LSI India R&D,,,LSI India R&D,,,LSI India R&D,,,,,,,,,,,
,,,,,,,,,Labh Group,,,Labh Group,,,Labh Group,,,,,,,,,,,
,,,,,,,,,Lafarge,,,Lafarge,,,Lafarge,,,,,,,,,,,
,,,,,,,,,Lahmeyer Group,,,Lahmeyer Group,,,Lahmeyer Group,,,,,,,,,,,
,,,,,,,,,Lakshmi Machine Works,,,Lakshmi Machine Works,,,Lakshmi Machine Works,,,,,,,,,,,
,,,,,,,,,Lanco Infratech,,,Lanco Infratech,,,Lanco Infratech,,,,,,,,,,,
,,,,,,,,,Lanco Power,,,Lanco Power,,,Lanco Power,,,,,,,,,,,
,,,,,,,,,Landis Gyr,,,Landis Gyr,,,Landis Gyr,,,,,,,,,,,
,,,,,,,,,Larsen & Toubro,,,Larsen & Toubro,,,Larsen & Toubro,,,,,,,,,,,
,,,,,,,,,Lavya Associates,,,Lavya Associates,,,Lavya Associates,,,,,,,,,,,
,,,,,,,,,Leighton Holdings Group,,,Leighton Holdings Group,,,Leighton Holdings Group,,,,,,,,,,,
,,,,,,,,,Leyland Deere,,,Leyland Deere,,,Leyland Deere,,,,,,,,,,,
,,,,,,,,,Lifestyle,,,Lifestyle,,,Lifestyle,,,,,,,,,,,
,,,,,,,,,Lionbridge Technologies,,,Lionbridge Technologies,,,Lionbridge Technologies,,,,,,,,,,,
,,,,,,,,,Lodha Group,,,Lodha Group,,,Lodha Group,,,,,,,,,,,
,,,,,,,,,Logica,,,Logica,,,Logica,,,,,,,,,,,
,,,,,,,,,Lupin,,,Lupin,,,Lupin,,,,,,,,,,,
,,,,,,,,,MAADEN,,,MAADEN,,,MAADEN,,,,,,,,,,,
,,,,,,,,,MEIL,,,MEIL,,,MEIL,,,,,,,,,,,
,,,,,,,,,MFI Group,,,MFI Group,,,MFI Group,,,,,,,,,,,
,,,,,,,,,MSCI,,,MSCI,,,MSCI,,,,,,,,,,,
,,,,,,,,,MSN Laboratories,,,MSN Laboratories,,,MSN Laboratories,,,,,,,,,,,
,,,,,,,,,MSPL,,,MSPL,,,MSPL,,,,,,,,,,,
,,,,,,,,,MTS,,,MTS,,,MTS,,,,,,,,,,,
,,,,,,,,,Macquarie Group,,,Macquarie Group,,,Macquarie Group,,,,,,,,,,,
,,,,,,,,,Maersk Group,,,Maersk Group,,,Maersk Group,,,,,,,,,,,
,,,,,,,,,Mahindra Automotive,,,Mahindra Automotive,,,Mahindra Automotive,,,,,,,,,,,
,,,,,,,,,Mahindra Engg Services,,,Mahindra Engg Services,,,Mahindra Engg Services,,,,,,,,,,,
,,,,,,,,,Mahindra Engineering Services,,,Mahindra Engineering Services,,,Mahindra Engineering Services,,,,,,,,,,,
,,,,,,,,,Mahindra Logistics,,,Mahindra Logistics,,,Mahindra Logistics,,,,,,,,,,,
,,,,,,,,,Mahindra Tractors,,,Mahindra Tractors,,,Mahindra Tractors,,,,,,,,,,,
,,,,,,,,,Maintec Technologies,,,Maintec Technologies,,,Maintec Technologies,,,,,,,,,,,
,,,,,,,,,Majestic Hotels,,,Majestic Hotels,,,Majestic Hotels,,,,,,,,,,,
,,,,,,,,,MakeMyTrip,,,MakeMyTrip,,,MakeMyTrip,,,,,,,,,,,
,,,,,,,,,Manik Travels,,,Manik Travels,,,Manik Travels,,,,,,,,,,,
,,,,,,,,,Manipal Group,,,Manipal Group,,,Manipal Group,,,,,,,,,,,
,,,,,,,,,Marico,,,Marico,,,Marico,,,,,,,,,,,
,,,,,,,,,Markit,,,Markit,,,Markit,,,,,,,,,,,
,,,,,,,,,Maruti,,,Maruti,,,Maruti,,,,,,,,,,,
,,,,,,,,,Marvell,,,Marvell,,,Marvell,,,,,,,,,,,
,,,,,,,,,Mastek,,,Mastek,,,Mastek,,,,,,,,,,,
,,,,,,,,,Master Card,,,Master Card,,,Master Card,,,,,,,,,,,
,,,,,,,,,Max Bupa,,,Max Bupa,,,Max Bupa,,,,,,,,,,,
,,,,,,,,,Max Healthcare,,,Max Healthcare,,,Max Healthcare,,,,,,,,,,,
,,,,,,,,,Max Life Insurance,,,Max Life Insurance,,,Max Life Insurance,,,,,,,,,,,
,,,,,,,,,Maxima IT Consulting,,,Maxima IT Consulting,,,Maxima IT Consulting,,,,,,,,,,,
,,,,,,,,,McAfee,,,McAfee,,,McAfee,,,,,,,,,,,
,,,,,,,,,McKinsey,,,McKinsey,,,McKinsey,,,,,,,,,,,
,,,,,,,,,McKinsey Global Services,,,McKinsey Global Services,,,McKinsey Global Services,,,,,,,,,,,
,,,,,,,,,Media.net,,,Media.net,,,Media.net,,,,,,,,,,,
,,,,,,,,,Medline Industries,,,Medline Industries,,,Medline Industries,,,,,,,,,,,
,,,,,,,,,Mercedes Benz R & D,,,Mercedes Benz R & D,,,Mercedes Benz R & D,,,,,,,,,,,
,,,,,,,,,Metenere,,,Metenere,,,Metenere,,,,,,,,,,,
,,,,,,,,,MetricStream Infotech,,,MetricStream Infotech,,,MetricStream Infotech,,,,,,,,,,,
,,,,,,,,,Metropolis Healthcare,,,Metropolis Healthcare,,,Metropolis Healthcare,,,,,,,,,,,
,,,,,,,,,Meyer Organics,,,Meyer Organics,,,Meyer Organics,,,,,,,,,,,
,,,,,,,,,Micro Labs,,,Micro Labs,,,Micro Labs,,,,,,,,,,,
,,,,,,,,,Microland,,,Microland,,,Microland,,,,,,,,,,,
,,,,,,,,,Microsemi Corp.,,,Microsemi Corp.,,,Microsemi Corp.,,,,,,,,,,,
,,,,,,,,,Microsoft India (R&D),,,Microsoft India (R&D),,,Microsoft India (R&D),,,,,,,,,,,
,,,,,,,,,Minacs,,,Minacs,,,Minacs,,,,,,,,,,,
,,,,,,,,,Minda - MMSL,,,Minda - MMSL,,,Minda - MMSL,,,,,,,,,,,
,,,,,,,,,Mindteck,,,Mindteck,,,Mindteck,,,,,,,,,,,
,,,,,,,,,Mindtree,,,Mindtree,,,Mindtree,,,,,,,,,,,
,,,,,,,,,Mirah Hospitality,,,Mirah Hospitality,,,Mirah Hospitality,,,,,,,,,,,
,,,,,,,,,Miraj Group,,,Miraj Group,,,Miraj Group,,,,,,,,,,,
,,,,,,,,,Misys,,,Misys,,,Misys,,,,,,,,,,,
,,,,,,,,,Mitsui O.S.K. Lines,,,Mitsui O.S.K. Lines,,,Mitsui O.S.K. Lines,,,,,,,,,,,
,,,,,,,,,Modern Vidya Niketan,,,Modern Vidya Niketan,,,Modern Vidya Niketan,,,,,,,,,,,
,,,,,,,,,Monnet Ispat & Energy,,,Monnet Ispat & Energy,,,Monnet Ispat & Energy,,,,,,,,,,,
,,,,,,,,,Moolchand Medcity,,,Moolchand Medcity,,,Moolchand Medcity,,,,,,,,,,,
,,,,,,,,,Morgan Stanley,,,Morgan Stanley,,,Morgan Stanley,,,,,,,,,,,
,,,,,,,,,Morningstar,,,Morningstar,,,Morningstar,,,,,,,,,,,
,,,,,,,,,Motherson Sumi Systems,,,Motherson Sumi Systems,,,Motherson Sumi Systems,,,,,,,,,,,
,,,,,,,,,Motorola Mobility,,,Motorola Mobility,,,Motorola Mobility,,,,,,,,,,,
,,,,,,,,,Mphasis,,,Mphasis,,,Mphasis,,,,,,,,,,,
,,,,,,,,,Mu Sigma,,,Mu Sigma,,,Mu Sigma,,,,,,,,,,,
,,,,,,,,,Mukand,,,Mukand,,,Mukand,,,,,,,,,,,
,,,,,,,,,Murugappa,,,Murugappa,,,Murugappa,,,,,,,,,,,
,,,,,,,,,Muthoot Finance,,,Muthoot Finance,,,Muthoot Finance,,,,,,,,,,,
,,,,,,,,,Muthoot Group,,,Muthoot Group,,,Muthoot Group,,,,,,,,,,,
,,,,,,,,,Mylan Laboratories,,,Mylan Laboratories,,,Mylan Laboratories,,,,,,,,,,,
,,,,,,,,,N.D. Enterprises,,,N.D. Enterprises,,,N.D. Enterprises,,,,,,,,,,,
,,,,,,,,,NAPC,,,NAPC,,,NAPC,,,,,,,,,,,
,,,,,,,,,NCC,,,NCC,,,NCC,,,,,,,,,,,
,,,,,,,,,NCR Corporation,,,NCR Corporation,,,NCR Corporation,,,,,,,,,,,
,,,,,,,,,NDS Group,,,NDS Group,,,NDS Group,,,,,,,,,,,
,,,,,,,,,NEC Technologies,,,NEC Technologies,,,NEC Technologies,,,,,,,,,,,
,,,,,,,,,NIIT,,,NIIT,,,NIIT,,,,,,,,,,,
,,,,,,,,,NIIT Technologies,,,NIIT Technologies,,,NIIT Technologies,,,,,,,,,,,
,,,,,,,,,NJ IndiaInvest,,,NJ IndiaInvest,,,NJ IndiaInvest,,,,,,,,,,,
,,,,,,,,,NTL Electronics,,,NTL Electronics,,,NTL Electronics,,,,,,,,,,,
,,,,,,,,,NTT DATA,,,NTT DATA,,,NTT DATA,,,,,,,,,,,
,,,,,,,,,NTT Global Delivery,,,NTT Global Delivery,,,NTT Global Delivery,,,,,,,,,,,
,,,,,,,,,Nalco,,,Nalco,,,Nalco,,,,,,,,,,,
,,,,,,,,,Naprod Life Science,,,Naprod Life Science,,,Naprod Life Science,,,,,,,,,,,
,,,,,,,,,Narayana Health,,,Narayana Health,,,Narayana Health,,,,,,,,,,,
,,,,,,,,,Naukri CS,,,Naukri CS,,,Naukri CS,,,,,,,,,,,
,,,,,,,,,Naukri.com,,,Naukri.com,,,Naukri.com,,,,,,,,,,,
,,,,,,,,,Navis,,,Navis,,,Navis,,,,,,,,,,,
,,,,,,,,,Neilsoft,,,Neilsoft,,,Neilsoft,,,,,,,,,,,
,,,,,,,,,Ness Technologies,,,Ness Technologies,,,Ness Technologies,,,,,,,,,,,
,,,,,,,,,Nestle,,,Nestle,,,Nestle,,,,,,,,,,,
,,,,,,,,,Net Solutions,,,Net Solutions,,,Net Solutions,,,,,,,,,,,
,,,,,,,,,NetApp,,,NetApp,,,NetApp,,,,,,,,,,,
,,,,,,,,,Network18 Media,,,Network18 Media,,,Network18 Media,,,,,,,,,,,
,,,,,,,,,Newgen Software,,,Newgen Software,,,Newgen Software,,,,,,,,,,,
,,,,,,,,,Newt Global,,,Newt Global,,,Newt Global,,,,,,,,,,,
,,,,,,,,,Nichepro Technologies,,,Nichepro Technologies,,,Nichepro Technologies,,,,,,,,,,,
,,,,,,,,,Nielsen,,,Nielsen,,,Nielsen,,,,,,,,,,,
,,,,,,,,,Nihilent Technologies,,,Nihilent Technologies,,,Nihilent Technologies,,,,,,,,,,,
,,,,,,,,,Nokia,,,Nokia,,,Nokia,,,,,,,,,,,
,,,,,,,,,Nokia Networks,,,Nokia Networks,,,Nokia Networks,,,,,,,,,,,
,,,,,,,,,Nokia Siemens,,,Nokia Siemens,,,Nokia Siemens,,,,,,,,,,,
,,,,,,,,,North Shore Technologies,,,North Shore Technologies,,,North Shore Technologies,,,,,,,,,,,
,,,,,,,,,Novartis Healthcare,,,Novartis Healthcare,,,Novartis Healthcare,,,,,,,,,,,
,,,,,,,,,Novell,,,Novell,,,Novell,,,,,,,,,,,
,,,,,,,,,Nucleus Software,,,Nucleus Software,,,Nucleus Software,,,,,,,,,,,
,,,,,,,,,Nvidia Corporation,,,Nvidia Corporation,,,Nvidia Corporation,,,,,,,,,,,
,,,,,,,,,O&G SKILLS,,,O&G SKILLS,,,O&G SKILLS,,,,,,,,,,,
,,,,,,,,,ONWARD,,,ONWARD,,,ONWARD,,,,,,,,,,,
,,,,,,,,,ORCC Solutions,,,ORCC Solutions,,,ORCC Solutions,,,,,,,,,,,
,,,,,,,,,Oakton GTSCI,,,Oakton GTSCI,,,Oakton GTSCI,,,,,,,,,,,
,,,,,,,,,Oberoi Realty,,,Oberoi Realty,,,Oberoi Realty,,,,,,,,,,,
,,,,,,,,,OculusIT,,,OculusIT,,,OculusIT,,,,,,,,,,,
,,,,,,,,,Ocwen Financial Corp.,,,Ocwen Financial Corp.,,,Ocwen Financial Corp.,,,,,,,,,,,
,,,,,,,,,Ola Cabs,,,Ola Cabs,,,Ola Cabs,,,,,,,,,,,
,,,,,,,,,Onicra,,,Onicra,,,Onicra,,,,,,,,,,,
,,,,,,,,,Onkar Infotech,,,Onkar Infotech,,,Onkar Infotech,,,,,,,,,,,
,,,,,,,,,Opentext Technologies,,,Opentext Technologies,,,Opentext Technologies,,,,,,,,,,,
,,,,,,,,,"Optum, a UnitedHealth Group Company",,,"Optum, a UnitedHealth Group Company",,,"Optum, a UnitedHealth Group Company",,,,,,,,,,,
,,,,,,,,,Opus Software,,,Opus Software,,,Opus Software,,,,,,,,,,,
,,,,,,,,,Oracle,,,Oracle,,,Oracle,,,,,,,,,,,
,,,,,,,,,Orchid Hotel,,,Orchid Hotel,,,Orchid Hotel,,,,,,,,,,,
,,,,,,,,,Organic Garden,,,Organic Garden,,,Organic Garden,,,,,,,,,,,
,,,,,,,,,Overseas Infrastructure,,,Overseas Infrastructure,,,Overseas Infrastructure,,,,,,,,,,,
,,,,,,,,,OYO,,,OYO,,,OYO,,,,,,,,,,,
,,,,,,,,,PACL,,,PACL,,,PACL,,,,,,,,,,,
,,,,,,,,,PAREXEL,,,PAREXEL,,,PAREXEL,,,,,,,,,,,
,,,,,,,,,PCS Technology,,,PCS Technology,,,PCS Technology,,,,,,,,,,,
,,,,,,,,,PMC Sierra,,,PMC Sierra,,,PMC Sierra,,,,,,,,,,,
,,,,,,,,,PNB MetLife,,,PNB MetLife,,,PNB MetLife,,,,,,,,,,,
,,,,,,,,,POSCO esi,,,POSCO esi,,,POSCO esi,,,,,,,,,,,
,,,,,,,,,PTC Software,,,PTC Software,,,PTC Software,,,,,,,,,,,
,,,,,,,,,PVR,,,PVR,,,PVR,,,,,,,,,,,
,,,,,,,,,Packt Publishing,,,Packt Publishing,,,Packt Publishing,,,,,,,,,,,
,,,,,,,,,Panasonic,,,Panasonic,,,Panasonic,,,,,,,,,,,
,,,,,,,,,Panoramic Universal,,,Panoramic Universal,,,Panoramic Universal,,,,,,,,,,,
,,,,,,,,,Parle,,,Parle,,,Parle,,,,,,,,,,,
,,,,,,,,,Parle Agro,,,Parle Agro,,,Parle Agro,,,,,,,,,,,
,,,,,,,,,Path Infotech,,,Path Infotech,,,Path Infotech,,,,,,,,,,,
,,,,,,,,,Patni,,,Patni,,,Patni,,,,,,,,,,,
,,,,,,,,,Paytm,,,Paytm,,,Paytm,,,,,,,,,,,
,,,,,,,,,Pegasystems Inc.,,,Pegasystems Inc.,,,Pegasystems Inc.,,,,,,,,,,,
,,,,,,,,,People Interactive,,,People Interactive,,,People Interactive,,,,,,,,,,,
,,,,,,,,,PepsiCo,,,PepsiCo,,,PepsiCo,,,,,,,,,,,
,,,,,,,,,Persistent Systems,,,Persistent Systems,,,Persistent Systems,,,,,,,,,,,
,,,,,,,,,Philips Software Centre,,,Philips Software Centre,,,Philips Software Centre,,,,,,,,,,,
,,,,,,,,,Photon Interactive,,,Photon Interactive,,,Photon Interactive,,,,,,,,,,,
,,,,,,,,,Pidilite,,,Pidilite,,,Pidilite,,,,,,,,,,,
,,,,,,,,,Pipavav,,,Pipavav,,,Pipavav,,,,,,,,,,,
,,,,,,,,,Piramal Enterprises,,,Piramal Enterprises,,,Piramal Enterprises,,,,,,,,,,,
,,,,,,,,,Platinum Support Services,,,Platinum Support Services,,,Platinum Support Services,,,,,,,,,,,
,,,,,,,,,Plintron,,,Plintron,,,Plintron,,,,,,,,,,,
,,,,,,,,,Polaris Consulting,,,Polaris Consulting,,,Polaris Consulting,,,,,,,,,,,
,,,,,,,,,Porteck Corporation,,,Porteck Corporation,,,Porteck Corporation,,,,,,,,,,,
,,,,,,,,,Practo Technologies,,,Practo Technologies,,,Practo Technologies,,,,,,,,,,,
,,,,,,,,,Pratibha Industries,,,Pratibha Industries,,,Pratibha Industries,,,,,,,,,,,
,,,,,,,,,Praxis i-Technologies,,,Praxis i-Technologies,,,Praxis i-Technologies,,,,,,,,,,,
,,,,,,,,,Prithvi Info Solutions,,,Prithvi Info Solutions,,,Prithvi Info Solutions,,,,,,,,,,,
,,,,,,,,,Progressive Digital Media,,,Progressive Digital Media,,,Progressive Digital Media,,,,,,,,,,,
,,,,,,,,,Progressive Infotech,,,Progressive Infotech,,,Progressive Infotech,,,,,,,,,,,
,,,,,,,,,Prokarma Softech,,,Prokarma Softech,,,Prokarma Softech,,,,,,,,,,,
,,,,,,,,,Punj Lloyd,,,Punj Lloyd,,,Punj Lloyd,,,,,,,,,,,
,,,,,,,,,PwC,,,PwC,,,PwC,,,,,,,,,,,
,,,,,,,,,PwC SDC Bangalore,,,PwC SDC Bangalore,,,PwC SDC Bangalore,,,,,,,,,,,
,,,,,,,,,PwC SDC Kolkata,,,PwC SDC Kolkata,,,PwC SDC Kolkata,,,,,,,,,,,
,,,,,,,,,Pyrotech Workspace,,,Pyrotech Workspace,,,Pyrotech Workspace,,,,,,,,,,,
,,,,,,,,,Q3 Technologies,,,Q3 Technologies,,,Q3 Technologies,,,,,,,,,,,
,,,,,,,,,Qatar Airways,,,Qatar Airways,,,Qatar Airways,,,,,,,,,,,
,,,,,,,,,Qlogic,,,Qlogic,,,Qlogic,,,,,,,,,,,
,,,,,,,,,QuEST Global,,,QuEST Global,,,QuEST Global,,,,,,,,,,,
,,,,,,,,,Qualcomm,,,Qualcomm,,,Qualcomm,,,,,,,,,,,
,,,,,,,,,Quality Group,,,Quality Group,,,Quality Group,,,,,,,,,,,
,,,,,,,,,Quick Heal,,,Quick Heal,,,Quick Heal,,,,,,,,,,,
,,,,,,,,,Quintiles,,,Quintiles,,,Quintiles,,,,,,,,,,,
,,,,,,,,,QuisLex Legal,,,QuisLex Legal,,,QuisLex Legal,,,,,,,,,,,
,,,,,,,,,Quota 4 Company,,,Quota 4 Company,,,Quota 4 Company,,,,,,,,,,,
,,,,,,,,,R K Swamy Hansa Group,,,R K Swamy Hansa Group,,,R K Swamy Hansa Group,,,,,,,,,,,
,,,,,,,,,R Systems,,,R Systems,,,R Systems,,,,,,,,,,,
,,,,,,,,,RBS India Development,,,RBS India Development,,,RBS India Development,,,,,,,,,,,
,,,,,,,,,RJ Corp,,,RJ Corp,,,RJ Corp,,,,,,,,,,,
,,,,,,,,,RMS Risk Mangement,,,RMS Risk Mangement,,,RMS Risk Mangement,,,,,,,,,,,
,,,,,,,,,RMSI,,,RMSI,,,RMSI,,,,,,,,,,,
,,,,,,,,,RR Donnelley,,,RR Donnelley,,,RR Donnelley,,,,,,,,,,,
,,,,,,,,,RSB Group,,,RSB Group,,,RSB Group,,,,,,,,,,,
,,,,,,,,,Radisson,,,Radisson,,,Radisson,,,,,,,,,,,
,,,,,,,,,Ranbaxy Laboratories,,,Ranbaxy Laboratories,,,Ranbaxy Laboratories,,,,,,,,,,,
,,,,,,,,,Raqmiyat,,,Raqmiyat,,,Raqmiyat,,,,,,,,,,,
,,,,,,,,,Ratnakar Bank,,,Ratnakar Bank,,,Ratnakar Bank,,,,,,,,,,,
,,,,,,,,,Redcentric Solutions,,,Redcentric Solutions,,,Redcentric Solutions,,,,,,,,,,,
,,,,,,,,,Reliance Capital,,,Reliance Capital,,,Reliance Capital,,,,,,,,,,,
,,,,,,,,,Reliance Comm.,,,Reliance Comm.,,,Reliance Comm.,,,,,,,,,,,
,,,,,,,,,Reliance Industries,,,Reliance Industries,,,Reliance Industries,,,,,,,,,,,
,,,,,,,,,Reliance Infra.,,,Reliance Infra.,,,Reliance Infra.,,,,,,,,,,,
,,,,,,,,,Reliance Power,,,Reliance Power,,,Reliance Power,,,,,,,,,,,
,,,,,,,,,Religare Services,,,Religare Services,,,Religare Services,,,,,,,,,,,
,,,,,,,,,Religare Technologies,,,Religare Technologies,,,Religare Technologies,,,,,,,,,,,
,,,,,,,,,Renault Nissan Tech,,,Renault Nissan Tech,,,Renault Nissan Tech,,,,,,,,,,,
,,,,,,,,,Replicon Software,,,Replicon Software,,,Replicon Software,,,,,,,,,,,
,,,,,,,,,Rockwell Automation,,,Rockwell Automation,,,Rockwell Automation,,,,,,,,,,,
,,,,,,,,,Rolta,,,Rolta,,,Rolta,,,,,,,,,,,
,,,,,,,,,Royal Enfield,,,Royal Enfield,,,Royal Enfield,,,,,,,,,,,
,,,,,,,,,SABMiller,,,SABMiller,,,SABMiller,,,,,,,,,,,
,,,,,,,,,SAP India,,,SAP India,,,SAP India,,,,,,,,,,,
,,,,,,,,,SAP Labs,,,SAP Labs,,,SAP Labs,,,,,,,,,,,
,,,,,,,,,SBI Life Insurance,,,SBI Life Insurance,,,SBI Life Insurance,,,,,,,,,,,
,,,,,,,,,SDG Software,,,SDG Software,,,SDG Software,,,,,,,,,,,
,,,,,,,,,SEL Manufacturing,,,SEL Manufacturing,,,SEL Manufacturing,,,,,,,,,,,
,,,,,,,,,SKP Group,,,SKP Group,,,SKP Group,,,,,,,,,,,
,,,,,,,,,SKP e-Solutions,,,SKP e-Solutions,,,SKP e-Solutions,,,,,,,,,,,
,,,,,,,,,SLK Software,,,SLK Software,,,SLK Software,,,,,,,,,,,
,,,,,,,,,SMC Global Securities,,,SMC Global Securities,,,SMC Global Securities,,,,,,,,,,,
,,,,,,,,,SMERA Ratings,,,SMERA Ratings,,,SMERA Ratings,,,,,,,,,,,
,,,,,,,,,SRL,,,SRL,,,SRL,,,,,,,,,,,
,,,,,,,,,SRM Technologies,,,SRM Technologies,,,SRM Technologies,,,,,,,,,,,
,,,,,,,,,Sabre,,,Sabre,,,Sabre,,,,,,,,,,,
,,,,,,,,,SafeNet Infotech,,,SafeNet Infotech,,,SafeNet Infotech,,,,,,,,,,,
,,,,,,,,,Safran Engineering,,,Safran Engineering,,,Safran Engineering,,,,,,,,,,,
,,,,,,,,,Sahara India Pariwar,,,Sahara India Pariwar,,,Sahara India Pariwar,,,,,,,,,,,
,,,,,,,,,Saipem,,,Saipem,,,Saipem,,,,,,,,,,,
,,,,,,,,,Samsung,,,Samsung,,,Samsung,,,,,,,,,,,
,,,,,,,,,Samsung Software Ops,,,Samsung Software Ops,,,Samsung Software Ops,,,,,,,,,,,
,,,,,,,,,Sandhar Technologies,,,Sandhar Technologies,,,Sandhar Technologies,,,,,,,,,,,
,,,,,,,,,Sandisk,,,Sandisk,,,Sandisk,,,,,,,,,,,
,,,,,,,,,Sandvik Asia,,,Sandvik Asia,,,Sandvik Asia,,,,,,,,,,,
,,,,,,,,,Sandvine Technologies,,,Sandvine Technologies,,,Sandvine Technologies,,,,,,,,,,,
,,,,,,,,,Sandy Machinery Tools,,,Sandy Machinery Tools,,,Sandy Machinery Tools,,,,,,,,,,,
,,,,,,,,,Sapient Consulting,,,Sapient Consulting,,,Sapient Consulting,,,,,,,,,,,
,,,,,,,,,Sasken Communication,,,Sasken Communication,,,Sasken Communication,,,,,,,,,,,
,,,,,,,,,Satyam BPO,,,Satyam BPO,,,Satyam BPO,,,,,,,,,,,
,,,,,,,,,Saxo IT,,,Saxo IT,,,Saxo IT,,,,,,,,,,,
,,,,,,,,,Schindler,,,Schindler,,,Schindler,,,,,,,,,,,
,,,,,,,,,Schneider Electric,,,Schneider Electric,,,Schneider Electric,,,,,,,,,,,
,,,,,,,,,Schwing Stetter,,,Schwing Stetter,,,Schwing Stetter,,,,,,,,,,,
,,,,,,,,,Scientific Publishing,,,Scientific Publishing,,,Scientific Publishing,,,,,,,,,,,
,,,,,,,,,Seclore Technology,,,Seclore Technology,,,Seclore Technology,,,,,,,,,,,
,,,,,,,,,Secure Meters,,,Secure Meters,,,Secure Meters,,,,,,,,,,,
,,,,,,,,,Serendipity,,,Serendipity,,,Serendipity,,,,,,,,,,,
,,,,,,,,,Shahi Exports,,,Shahi Exports,,,Shahi Exports,,,,,,,,,,,
,,,,,,,,,Shapoorji Pallonji,,,Shapoorji Pallonji,,,Shapoorji Pallonji,,,,,,,,,,,
,,,,,,,,,Sharekhan,,,Sharekhan,,,Sharekhan,,,,,,,,,,,
,,,,,,,,,Shell India Markets,,,Shell India Markets,,,Shell India Markets,,,,,,,,,,,
,,,,,,,,,Shell Infotech,,,Shell Infotech,,,Shell Infotech,,,,,,,,,,,
,,,,,,,,,Shell Services Centre,,,Shell Services Centre,,,Shell Services Centre,,,,,,,,,,,
,,,,,,,,,Shoppers Stop,,,Shoppers Stop,,,Shoppers Stop,,,,,,,,,,,
,,,,,,,,,Shree Cement,,,Shree Cement,,,Shree Cement,,,,,,,,,,,
,,,,,,,,,Shree Shubham Logistics,,,Shree Shubham Logistics,,,Shree Shubham Logistics,,,,,,,,,,,
,,,,,,,,,Shreyas Technologies,,,Shreyas Technologies,,,Shreyas Technologies,,,,,,,,,,,
,,,,,,,,,Siemens,,,Siemens,,,Siemens,,,,,,,,,,,
,,,,,,,,,Siemens Industry Software,,,Siemens Industry Software,,,Siemens Industry Software,,,,,,,,,,,
,,,,,,,,,Sierra-Cedar,,,Sierra-Cedar,,,Sierra-Cedar,,,,,,,,,,,
,,,,,,,,,Sify,,,Sify,,,Sify,,,,,,,,,,,
,,,,,,,,,Silver Atena,,,Silver Atena,,,Silver Atena,,,,,,,,,,,
,,,,,,,,,Simplex Infrastructure,,,Simplex Infrastructure,,,Simplex Infrastructure,,,,,,,,,,,
,,,,,,,,,Simplex Infrastructures,,,Simplex Infrastructures,,,Simplex Infrastructures,,,,,,,,,,,
,,,,,,,,,Simplilearn,,,Simplilearn,,,Simplilearn,,,,,,,,,,,
,,,,,,,,,Sitel,,,Sitel,,,Sitel,,,,,,,,,,,
,,,,,,,,,Siti Cable Network,,,Siti Cable Network,,,Siti Cable Network,,,,,,,,,,,
,,,,,,,,,Siyaram,,,Siyaram,,,Siyaram,,,,,,,,,,,
,,,,,,,,,Smart Value Products,,,Smart Value Products,,,Smart Value Products,,,,,,,,,,,
,,,,,,,,,SmartPlay Technologies,,,SmartPlay Technologies,,,SmartPlay Technologies,,,,,,,,,,,
,,,,,,,,,Snapdeal,,,Snapdeal,,,Snapdeal,,,,,,,,,,,
,,,,,,,,,Sobha Developers,,,Sobha Developers,,,Sobha Developers,,,,,,,,,,,
,,,,,,,,,Societe Generale Global,,,Societe Generale Global,,,Societe Generale Global,,,,,,,,,,,
,,,,,,,,,Sodexo Food Solutions,,,Sodexo Food Solutions,,,Sodexo Food Solutions,,,,,,,,,,,
,,,,,,,,,Sofomation,,,Sofomation,,,Sofomation,,,,,,,,,,,
,,,,,,,,,Software AG,,,Software AG,,,Software AG,,,,,,,,,,,
,,,,,,,,,Software Paradigms,,,Software Paradigms,,,Software Paradigms,,,,,,,,,,,
,,,,,,,,,Sonata Software,,,Sonata Software,,,Sonata Software,,,,,,,,,,,
,,,,,,,,,Sony,,,Sony,,,Sony,,,,,,,,,,,
,,,,,,,,,Sopra Group,,,Sopra Group,,,Sopra Group,,,,,,,,,,,
,,,,,,,,,SourceHOV,,,SourceHOV,,,SourceHOV,,,,,,,,,,,
,,,,,,,,,South Eastern Roadways,,,South Eastern Roadways,,,South Eastern Roadways,,,,,,,,,,,
,,,,,,,,,Span Systems,,,Span Systems,,,Span Systems,,,,,,,,,,,
,,,,,,,,,Sparsh BPO,,,Sparsh BPO,,,Sparsh BPO,,,,,,,,,,,
,,,,,,,,,Spaze Towers,,,Spaze Towers,,,Spaze Towers,,,,,,,,,,,
,,,,,,,,,Spencers,,,Spencers,,,Spencers,,,,,,,,,,,
,,,,,,,,,Spice Jet,,,Spice Jet,,,Spice Jet,,,,,,,,,,,
,,,,,,,,,Srei Infra Finance,,,Srei Infra Finance,,,Srei Infra Finance,,,,,,,,,,,
,,,,,,,,,Star India,,,Star India,,,Star India,,,,,,,,,,,
,,,,,,,,,Steria,,,Steria,,,Steria,,,,,,,,,,,
,,,,,,,,,Sterling And Wilson,,,Sterling And Wilson,,,Sterling And Wilson,,,,,,,,,,,
,,,,,,,,,Sterling Information,,,Sterling Information,,,Sterling Information,,,,,,,,,,,
,,,,,,,,,Subex,,,Subex,,,Subex,,,,,,,,,,,
,,,,,,,,,Suguna Foods,,,Suguna Foods,,,Suguna Foods,,,,,,,,,,,
,,,,,,,,,SumTotal Systems,,,SumTotal Systems,,,SumTotal Systems,,,,,,,,,,,
,,,,,,,,,Sun Life India,,,Sun Life India,,,Sun Life India,,,,,,,,,,,
,,,,,,,,,Sun Pharmaceutical,,,Sun Pharmaceutical,,,Sun Pharmaceutical,,,,,,,,,,,
,,,,,,,,,SunGard Solutions,,,SunGard Solutions,,,SunGard Solutions,,,,,,,,,,,
,,,,,,,,,Sundaram Finance Grp,,,Sundaram Finance Grp,,,Sundaram Finance Grp,,,,,,,,,,,
,,,,,,,,,Sunrise Systems,,,Sunrise Systems,,,Sunrise Systems,,,,,,,,,,,
,,,,,,,,,Sutherland Global,,,Sutherland Global,,,Sutherland Global,,,,,,,,,,,
,,,,,,,,,Suzlon Energy,,,Suzlon Energy,,,Suzlon Energy,,,,,,,,,,,
,,,,,,,,,Suzuki Motorcycle,,,Suzuki Motorcycle,,,Suzuki Motorcycle,,,,,,,,,,,
,,,,,,,,,Swiggy,,,Swiggy,,,Swiggy,,,,,,,,,,,
,,,,,,,,,Symantec Software,,,Symantec Software,,,Symantec Software,,,,,,,,,,,
,,,,,,,,,Symphony Teleca,,,Symphony Teleca,,,Symphony Teleca,,,,,,,,,,,
,,,,,,,,,Synchrony International,,,Synchrony International,,,Synchrony International,,,,,,,,,,,
,,,,,,,,,Synechron Technologies,,,Synechron Technologies,,,Synechron Technologies,,,,,,,,,,,
,,,,,,,,,Synergy,,,Synergy,,,Synergy,,,,,,,,,,,
,,,,,,,,,Syngene International,,,Syngene International,,,Syngene International,,,,,,,,,,,
,,,,,,,,,Syniverse Technologies,,,Syniverse Technologies,,,Syniverse Technologies,,,,,,,,,,,
,,,,,,,,,Synophic Systems,,,Synophic Systems,,,Synophic Systems,,,,,,,,,,,
,,,,,,,,,Synopsys,,,Synopsys,,,Synopsys,,,,,,,,,,,
,,,,,,,,,Syntel,,,Syntel,,,Syntel,,,,,,,,,,,
,,,,,,,,,Sysbiz Technologies,,,Sysbiz Technologies,,,Sysbiz Technologies,,,,,,,,,,,
,,,,,,,,,Syscom Corporation,,,Syscom Corporation,,,Syscom Corporation,,,,,,,,,,,
,,,,,,,,,Systems Technology Grp,,,Systems Technology Grp,,,Systems Technology Grp,,,,,,,,,,,
,,,,,,,,,TATA AIG General Insurance,,,TATA AIG General Insurance,,,TATA AIG General Insurance,,,,,,,,,,,
,,,,,,,,,TBEA Energy,,,TBEA Energy,,,TBEA Energy,,,,,,,,,,,
,,,,,,,,,TCS,,,TCS,,,TCS,,,,,,,,,,,
,,,,,,,,,TE Connectivity,,,TE Connectivity,,,TE Connectivity,,,,,,,,,,,
,,,,,,,,,TESCO Hindustan,,,TESCO Hindustan,,,TESCO Hindustan,,,,,,,,,,,
,,,,,,,,,TGS ECOM,,,TGS ECOM,,,TGS ECOM,,,,,,,,,,,
,,,,,,,,,TIBCO Software,,,TIBCO Software,,,TIBCO Software,,,,,,,,,,,
,,,,,,,,,TLG,,,TLG,,,TLG,,,,,,,,,,,
,,,,,,,,,TPG Software,,,TPG Software,,,TPG Software,,,,,,,,,,,
,,,,,,,,,TRIDENT,,,TRIDENT,,,TRIDENT,,,,,,,,,,,
,,,,,,,,,TSYS,,,TSYS,,,TSYS,,,,,,,,,,,
,,,,,,,,,TUV SUD South Asia,,,TUV SUD South Asia,,,TUV SUD South Asia,,,,,,,,,,,
,,,,,,,,,TVS,,,TVS,,,TVS,,,,,,,,,,,
,,,,,,,,,TVS Next Pvt Ltd,,,TVS Next Pvt Ltd,,,TVS Next Pvt Ltd,,,,,,,,,,,
,,,,,,,,,Tagros Chemicals,,,Tagros Chemicals,,,Tagros Chemicals,,,,,,,,,,,
,,,,,,,,,Tangoe India Softek,,,Tangoe India Softek,,,Tangoe India Softek,,,,,,,,,,,
,,,,,,,,,TaraSpan Solutions,,,TaraSpan Solutions,,,TaraSpan Solutions,,,,,,,,,,,
,,,,,,,,,Tata AIA Life,,,Tata AIA Life,,,Tata AIA Life,,,,,,,,,,,
,,,,,,,,,Tata Advanced Materials,,,Tata Advanced Materials,,,Tata Advanced Materials,,,,,,,,,,,
,,,,,,,,,Tata Autocomp,,,Tata Autocomp,,,Tata Autocomp,,,,,,,,,,,
,,,,,,,,,Tata Bluescope Steel,,,Tata Bluescope Steel,,,Tata Bluescope Steel,,,,,,,,,,,
,,,,,,,,,Tata Capital,,,Tata Capital,,,Tata Capital,,,,,,,,,,,
,,,,,,,,,Tata Chemicals,,,Tata Chemicals,,,Tata Chemicals,,,,,,,,,,,
,,,,,,,,,Tata Communications,,,Tata Communications,,,Tata Communications,,,,,,,,,,,
,,,,,,,,,Tata Consulting Engineers,,,Tata Consulting Engineers,,,Tata Consulting Engineers,,,,,,,,,,,
,,,,,,,,,Tata Elxsi,,,Tata Elxsi,,,Tata Elxsi,,,,,,,,,,,
,,,,,,,,,Tata Interactive Sys,,,Tata Interactive Sys,,,Tata Interactive Sys,,,,,,,,,,,
,,,,,,,,,Tata Motors,,,Tata Motors,,,Tata Motors,,,,,,,,,,,
,,,,,,,,,Tata Power Company,,,Tata Power Company,,,Tata Power Company,,,,,,,,,,,
,,,,,,,,,Tata Projects,,,Tata Projects,,,Tata Projects,,,,,,,,,,,
,,,,,,,,,Tata Steel,,,Tata Steel,,,Tata Steel,,,,,,,,,,,
,,,,,,,,,Tata Tea,,,Tata Tea,,,Tata Tea,,,,,,,,,,,
,,,,,,,,,Tata Technologies,,,Tata Technologies,,,Tata Technologies,,,,,,,,,,,
,,,,,,,,,Tata Teleservices,,,Tata Teleservices,,,Tata Teleservices,,,,,,,,,,,
,,,,,,,,,TaxiForSure,,,TaxiForSure,,,TaxiForSure,,,,,,,,,,,
,,,,,,,,,Tech Mahindra,,,Tech Mahindra,,,Tech Mahindra,,,,,,,,,,,
,,,,,,,,,TechMBS,,,TechMBS,,,TechMBS,,,,,,,,,,,
,,,,,,,,,Techbooks Intl,,,Techbooks Intl,,,Techbooks Intl,,,,,,,,,,,
,,,,,,,,,Technicolor,,,Technicolor,,,Technicolor,,,,,,,,,,,
,,,,,,,,,Techno Brain Global,,,Techno Brain Global,,,Techno Brain Global,,,,,,,,,,,
,,,,,,,,,Technosoft Global,,,Technosoft Global,,,Technosoft Global,,,,,,,,,,,
,,,,,,,,,Techs to Suit Inc,,,Techs to Suit Inc,,,Techs to Suit Inc,,,,,,,,,,,
,,,,,,,,,Tecnimont ICB,,,Tecnimont ICB,,,Tecnimont ICB,,,,,,,,,,,
,,,,,,,,,Tecnotree,,,Tecnotree,,,Tecnotree,,,,,,,,,,,
,,,,,,,,,Teleperformance,,,Teleperformance,,,Teleperformance,,,,,,,,,,,
,,,,,,,,,Teradata,,,Teradata,,,Teradata,,,,,,,,,,,
,,,,,,,,,Textron Global,,,Textron Global,,,Textron Global,,,,,,,,,,,
,,,,,,,,,Thakral One Solutions,,,Thakral One Solutions,,,Thakral One Solutions,,,,,,,,,,,
,,,,,,,,,The Bombay Dyeing,,,The Bombay Dyeing,,,The Bombay Dyeing,,,,,,,,,,,
,,,,,,,,,The Linde Group,,,The Linde Group,,,The Linde Group,,,,,,,,,,,
,,,,,,,,,Theorem Clinical Research,,,Theorem Clinical Research,,,Theorem Clinical Research,,,,,,,,,,,
,,,,,,,,,Thermax,,,Thermax,,,Thermax,,,,,,,,,,,
,,,,,,,,,Thiess,,,Thiess,,,Thiess,,,,,,,,,,,
,,,,,,,,,Thinksoft,,,Thinksoft,,,Thinksoft,,,,,,,,,,,
,,,,,,,,,Thomas Cook,,,Thomas Cook,,,Thomas Cook,,,,,,,,,,,
,,,,,,,,,Thomson Reuters,,,Thomson Reuters,,,Thomson Reuters,,,,,,,,,,,
,,,,,,,,,Thyrocare Technologies,,,Thyrocare Technologies,,,Thyrocare Technologies,,,,,,,,,,,
,,,,,,,,,Tieto Software,,,Tieto Software,,,Tieto Software,,,,,,,,,,,
,,,,,,,,,Times Centre For Learning,,,Times Centre For Learning,,,Times Centre For Learning,,,,,,,,,,,
,,,,,,,,,Timken Engg & Research,,,Timken Engg & Research,,,Timken Engg & Research,,,,,,,,,,,
,,,,,,,,,Tiny Owl,,,Tiny Owl,,,Tiny Owl,,,,,,,,,,,
,,,,,,,,,Titan,,,Titan,,,Titan,,,,,,,,,,,
,,,,,,,,,Toluna,,,Toluna,,,Toluna,,,,,,,,,,,
,,,,,,,,,TomTom,,,TomTom,,,TomTom,,,,,,,,,,,
,,,,,,,,,Torrent Pharmaceuticals,,,Torrent Pharmaceuticals,,,Torrent Pharmaceuticals,,,,,,,,,,,
,,,,,,,,,Torrent Power,,,Torrent Power,,,Torrent Power,,,,,,,,,,,
,,,,,,,,,Toshiba,,,Toshiba,,,Toshiba,,,,,,,,,,,
,,,,,,,,,Total,,,Total,,,Total,,,,,,,,,,,
,,,,,,,,,,,,,,,,,,,,,,,,,,
,,,,,,,,,Total Shipping & Logistics,,,Total Shipping & Logistics,,,Total Shipping & Logistics,,,,,,,,,,,
,,,,,,,,,Toyota Kirloskar Motor,,,Toyota Kirloskar Motor,,,Toyota Kirloskar Motor,,,,,,,,,,,
,,,,,,,,,Tractebel Engineering,,,Tractebel Engineering,,,Tractebel Engineering,,,,,,,,,,,
,,,,,,,,,Tractors & Farm Equipment,,,Tractors & Farm Equipment,,,Tractors & Farm Equipment,,,,,,,,,,,
,,,,,,,,,Trapti Saxena Company,,,Trapti Saxena Company,,,Trapti Saxena Company,,,,,,,,,,,
,,,,,,,,,Treasure World Developers,,,Treasure World Developers,,,Treasure World Developers,,,,,,,,,,,
,,,,,,,,,Trigent Software,,,Trigent Software,,,Trigent Software,,,,,,,,,,,
,,,,,,,,,Trigyn Technologies,,,Trigyn Technologies,,,Trigyn Technologies,,,,,,,,,,,
,,,,,,,,,Trivedi LLC,,,Trivedi LLC,,,Trivedi LLC,,,,,,,,,,,
,,,,,,,,,Tulip Telecom,,,Tulip Telecom,,,Tulip Telecom,,,,,,,,,,,
,,,,,,,,,UFO Moviez,,,UFO Moviez,,,UFO Moviez,,,,,,,,,,,
,,,,,,,,,UPS,,,UPS,,,UPS,,,,,,,,,,,
,,,,,,,,,URS Scott Wilson,,,URS Scott Wilson,,,URS Scott Wilson,,,,,,,,,,,
,,,,,,,,,US Technology,,,US Technology,,,US Technology,,,,,,,,,,,
,,,,,,,,,USV,,,USV,,,USV,,,,,,,,,,,
,,,,,,,,,UTC Aerospace Systems,,,UTC Aerospace Systems,,,UTC Aerospace Systems,,,,,,,,,,,
,,,,,,,,,Ubisoft Entertainment,,,Ubisoft Entertainment,,,Ubisoft Entertainment,,,,,,,,,,,
,,,,,,,,,Uflex,,,Uflex,,,Uflex,,,,,,,,,,,
,,,,,,,,,Unicon Investment,,,Unicon Investment,,,Unicon Investment,,,,,,,,,,,
,,,,,,,,,Uninor,,,Uninor,,,Uninor,,,,,,,,,,,
,,,,,,,,,Unisys,,,Unisys,,,Unisys,,,,,,,,,,,
,,,,,,,,,Unitech,,,Unitech,,,Unitech,,,,,,,,,,,
,,,,,,,,,United Biotech,,,United Biotech,,,United Biotech,,,,,,,,,,,
,,,,,,,,,Unity Infraprojects,,,Unity Infraprojects,,,Unity Infraprojects,,,,,,,,,,,
,,,,,,,,,Urban Ladder,,,Urban Ladder,,,Urban Ladder,,,,,,,,,,,
,,,,,,,,,Utsav Fashion,,,Utsav Fashion,,,Utsav Fashion,,,,,,,,,,,
,,,,,,,,,V2 Retail,,,V2 Retail,,,V2 Retail,,,,,,,,,,,
,,,,,,,,,V2Soft,,,V2Soft,,,V2Soft,,,,,,,,,,,
,,,,,,,,,VERTEX,,,VERTEX,,,VERTEX,,,,,,,,,,,
,,,,,,,,,VFS Global,,,VFS Global,,,VFS Global,,,,,,,,,,,
,,,,,,,,,VLCC,,,VLCC,,,VLCC,,,,,,,,,,,
,,,,,,,,,VVF,,,VVF,,,VVF,,,,,,,,,,,
,,,,,,,,,Valtech,,,Valtech,,,Valtech,,,,,,,,,,,
,,,,,,,,,ValueLabs,,,ValueLabs,,,ValueLabs,,,,,,,,,,,
,,,,,,,,,Vasan Health Care,,,Vasan Health Care,,,Vasan Health Care,,,,,,,,,,,
,,,,,,,,,Vascon Engineers,,,Vascon Engineers,,,Vascon Engineers,,,,,,,,,,,
,,,,,,,,,Vatika Group,,,Vatika Group,,,Vatika Group,,,,,,,,,,,
,,,,,,,,,Vayama,,,Vayama,,,Vayama,,,,,,,,,,,
,,,,,,,,,Veljan Investments,,,Veljan Investments,,,Veljan Investments,,,,,,,,,,,
,,,,,,,,,Verizon,,,Verizon,,,Verizon,,,,,,,,,,,
,,,,,,,,,Videocon Industries,,,Videocon Industries,,,Videocon Industries,,,,,,,,,,,
,,,,,,,,,Videocon Telecomm.,,,Videocon Telecomm.,,,Videocon Telecomm.,,,,,,,,,,,
,,,,,,,,,Vigneshwara Group,,,Vigneshwara Group,,,Vigneshwara Group,,,,,,,,,,,
,,,,,,,,,Viom,,,Viom,,,Viom,,,,,,,,,,,
,,,,,,,,,Virtela,,,Virtela,,,Virtela,,,,,,,,,,,
,,,,,,,,,Virtusa Consulting,,,Virtusa Consulting,,,Virtusa Consulting,,,,,,,,,,,
,,,,,,,,,Vmware,,,Vmware,,,Vmware,,,,,,,,,,,
,,,,,,,,,Vodafone,,,Vodafone,,,Vodafone,,,,,,,,,,,
,,,,,,,,,Voltas,,,Voltas,,,Voltas,,,,,,,,,,,
,,,,,,,,,Voltech,,,Voltech,,,Voltech,,,,,,,,,,,
,,,,,,,,,Vyom Labs,,,Vyom Labs,,,Vyom Labs,,,,,,,,,,,
,,,,,,,,,WNS,,,WNS,,,WNS,,,,,,,,,,,
,,,,,,,,,Walmart,,,Walmart,,,Walmart,,,,,,,,,,,
,,,,,,,,,Weavetex Overseas,,,Weavetex Overseas,,,Weavetex Overseas,,,,,,,,,,,
,,,,,,,,,Wells Fargo,,,Wells Fargo,,,Wells Fargo,,,,,,,,,,,
,,,,,,,,,Welspun,,,Welspun,,,Welspun,,,,,,,,,,,
,,,,,,,,,Williams Lea,,,Williams Lea,,,Williams Lea,,,,,,,,,,,
,,,,,,,,,Willis Processing Services,,,Willis Processing Services,,,Willis Processing Services,,,,,,,,,,,
,,,,,,,,,Wipro,,,Wipro,,,Wipro,,,,,,,,,,,
,,,,,,,,,Wipro BPS,,,Wipro BPS,,,Wipro BPS,,,,,,,,,,,
,,,,,,,,,Wipro Infotech,,,Wipro Infotech,,,Wipro Infotech,,,,,,,,,,,
,,,,,,,,,Wital See Marketing,,,Wital See Marketing,,,Wital See Marketing,,,,,,,,,,,
,,,,,,,,,Wockhardt Hospitals,,,Wockhardt Hospitals,,,Wockhardt Hospitals,,,,,,,,,,,
,,,,,,,,,World-Wide Visas,,,World-Wide Visas,,,World-Wide Visas,,,,,,,,,,,
,,,,,,,,,XL Dynamics,,,XL Dynamics,,,XL Dynamics,,,,,,,,,,,
,,,,,,,,,Xavient Software,,,Xavient Software,,,Xavient Software,,,,,,,,,,,
,,,,,,,,,Xchanging,,,Xchanging,,,Xchanging,,,,,,,,,,,
,,,,,,,,,Xerox,,,Xerox,,,Xerox,,,,,,,,,,,
,,,,,,,,,Xilinx,,,Xilinx,,,Xilinx,,,,,,,,,,,
,,,,,,,,,Xinthe Technologies,,,Xinthe Technologies,,,Xinthe Technologies,,,,,,,,,,,
,,,,,,,,,Xoriant Solutions,,,Xoriant Solutions,,,Xoriant Solutions,,,,,,,,,,,
,,,,,,,,,YFC Projects,,,YFC Projects,,,YFC Projects,,,,,,,,,,,
,,,,,,,,,Yahoo Software Development,,,Yahoo Software Development,,,Yahoo Software Development,,,,,,,,,,,
,,,,,,,,,Yash Technologies,,,Yash Technologies,,,Yash Technologies,,,,,,,,,,,
,,,,,,,,,Yatra,,,Yatra,,,Yatra,,,,,,,,,,,
,,,,,,,,,Yes Bank,,,Yes Bank,,,Yes Bank,,,,,,,,,,,
,,,,,,,,,Yodlee Infotech,,,Yodlee Infotech,,,Yodlee Infotech,,,,,,,,,,,
,,,,,,,,,ZS Associates,,,ZS Associates,,,ZS Associates,,,,,,,,,,,
,,,,,,,,,ZTE Telecom,,,ZTE Telecom,,,ZTE Telecom,,,,,,,,,,,
,,,,,,,,,Zee,,,Zee,,,Zee,,,,,,,,,,,
,,,,,,,,,Zen3 InfoSolutions,,,Zen3 InfoSolutions,,,Zen3 InfoSolutions,,,,,,,,,,,
,,,,,,,,,Zenith Infotech,,,Zenith Infotech,,,Zenith Infotech,,,,,,,,,,,
,,,,,,,,,Zensar Technologies,,,Zensar Technologies,,,Zensar Technologies,,,,,,,,,,,
,,,,,,,,,Zodiac Clothing,,,Zodiac Clothing,,,Zodiac Clothing,,,,,,,,,,,
,,,,,,,,,Zomato,,,Zomato,,,Zomato,,,,,,,,,,,
,,,,,,,,,Zuari Cement,,,Zuari Cement,,,Zuari Cement,,,,,,,,,,,
,,,,,,,,,Zydex Industries,,,Zydex Industries,,,Zydex Industries,,,,,,,,,,,
,,,,,,,,,e-Nxt Financials,,,e-Nxt Financials,,,e-Nxt Financials,,,,,,,,,,,
,,,,,,,,,eClerx Services,,,eClerx Services,,,eClerx Services,,,,,,,,,,,
,,,,,,,,,eInfochips,,,eInfochips,,,eInfochips,,,,,,,,,,,
,,,,,,,,,iEnergizer,,,iEnergizer,,,iEnergizer,,,,,,,,,,,
,,,,,,,,,iNautix Technologies,,,iNautix Technologies,,,iNautix Technologies,,,,,,,,,,,
,,,,,,,,,iYogi Tech. Services,,,iYogi Tech. Services,,,iYogi Tech. Services,,,,,,,,,,,
,,,,,,,,,ibibo,,,ibibo,,,ibibo,,,,,,,,,,,
,,,,,,,,,inVentiv International,,,inVentiv International,,,inVentiv International,,,,,,,,,,,
,,,,,,,,,vCustomer,,,vCustomer,,,vCustomer,,,,,,,,,,,
,,,,,,,,,vivo Mobile,,,vivo Mobile,,,vivo Mobile,,,,,,,,,,,